X,Y,Index_,ACCNUM,YEAR,DATE,TIME,Hour,STREET1,STREET2,OFFSET,ROAD_CLASS,District,LATITUDE,LONGITUDE,LOCCOORD,ACCLOC,TRAFFCTL,VISIBILITY,LIGHT,RDSFCOND,ACCLASS,IMPACTYPE,INVTYPE,INVAGE,INJURY,FATAL_NO,INITDIR,VEHTYPE,MANOEUVER,DRIVACT,DRIVCOND,PEDTYPE,PEDACT,PEDCOND,CYCLISTYPE,CYCACT,CYCCOND,PEDESTRIAN,CYCLIST,AUTOMOBILE,MOTORCYCLE,TRUCK,TRSN_CITY_,EMERG_VEH,PASSENGER,SPEEDING,AG_DRIV,REDLIGHT,ALCOHOL,DISABILITY,Division,Ward_Name,Ward_ID,Hood_ID,Hood_Name,FID
-79.36669550000002,43.65926703,80564319,6001211373,2016,2016-07-11T04:00:00.000Z,27,0,429 DUNDAS ST E, ,15 m North of,Major Arterial,Toronto East York,43.65926703,-79.3666955,Intersection,Intersection Related,No Control,Clear,"Dark, artificial",Dry,Non-Fatal Injury,Cyclist Collisions,Cyclist,25 to 29,Major, ,East,Bicycle,Going Ahead, , , , , ,Cyclist and Driver travelling in same direction. One vehicle sideswipes the other.,Other,Had Been Drinking, ,Yes,Yes, , ,, ,Yes, , , , , ,D51,Toronto Centre-Rosedale (28),28,73,Moss Park (73),1
-79.36669550000002,43.65926703,80564320,6001211373,2016,2016-07-11T04:00:00.000Z,27,0,429 DUNDAS ST E, ,15 m North of,Major Arterial,Toronto East York,43.65926703,-79.3666955,Intersection,Intersection Related,No Control,Clear,"Dark, artificial",Dry,Non-Fatal Injury,Cyclist Collisions,Driver,20 to 24,None, ,East,"Automobile, Station Wagon",Going Ahead,Driving Properly,Normal, , , , , , , ,Yes,Yes, , ,, ,Yes, , , , , ,D51,Toronto Centre-Rosedale (28),28,73,Moss Park (73),2
-79.36669550000002,43.65926703,80564321,6001211373,2016,2016-07-11T04:00:00.000Z,27,0,429 DUNDAS ST E, ,15 m North of,Major Arterial,Toronto East York,43.65926703,-79.3666955,Intersection,Intersection Related,No Control,Clear,"Dark, artificial",Dry,Non-Fatal Injury,Cyclist Collisions,Passenger,20 to 24,None, , , , , , , , , , , , , ,Yes,Yes, , ,, ,Yes, , , , , ,D51,Toronto Centre-Rosedale (28),28,73,Moss Park (73),3
-79.36669550000002,43.65926703,80564322,6001211373,2016,2016-07-11T04:00:00.000Z,27,0,429 DUNDAS ST E, ,15 m North of,Major Arterial,Toronto East York,43.65926703,-79.3666955,Intersection,Intersection Related,No Control,Clear,"Dark, artificial",Dry,Non-Fatal Injury,Cyclist Collisions,Passenger,25 to 29,None, , , , , , , , , , , , , ,Yes,Yes, , ,, ,Yes, , , , , ,D51,Toronto Centre-Rosedale (28),28,73,Moss Park (73),4
-79.36669550000002,43.65926703,80564323,6001211373,2016,2016-07-11T04:00:00.000Z,27,0,429 DUNDAS ST E, ,15 m North of,Major Arterial,Toronto East York,43.65926703,-79.3666955,Intersection,Intersection Related,No Control,Clear,"Dark, artificial",Dry,Non-Fatal Injury,Cyclist Collisions,Passenger,20 to 24,Major, , , , , , , , , , , , , ,Yes,Yes, , ,, ,Yes, , , , , ,D51,Toronto Centre-Rosedale (28),28,73,Moss Park (73),5
-79.43996058,43.65093954,80503244,6000478020,2016,2016-03-20T04:00:00.000Z,344,3,COLLEGE ST,LANSDOWNE AVE, ,Minor Arterial,Toronto East York,43.65093954,-79.43996058,Intersection,At Intersection,Traffic Signal,Clear,"Dark, artificial",Dry,Non-Fatal Injury,Cyclist Collisions,Driver,40 to 44,None, ,West,"Automobile, Station Wagon",Turning Left,Failed to Yield Right of Way,Inattentive, , , , , , , ,Yes,Yes, , ,, ,Yes, ,Yes, , , ,D11,Davenport (18),18,83,Dufferin Grove (83),6
-79.43996058,43.65093954,80503245,6000478020,2016,2016-03-20T04:00:00.000Z,344,3,COLLEGE ST,LANSDOWNE AVE, ,Minor Arterial,Toronto East York,43.65093954,-79.43996058,Intersection,At Intersection,Traffic Signal,Clear,"Dark, artificial",Dry,Non-Fatal Injury,Cyclist Collisions,Cyclist,30 to 34,Major, ,East,Bicycle,Going Ahead, , , , , ,Motorist turned left across cyclists path.,Other,Had Been Drinking, ,Yes,Yes, , ,, ,Yes, ,Yes, , , ,D11,Davenport (18),18,83,Dufferin Grove (83),7
-79.43996058,43.65093954,80503246,6000478020,2016,2016-03-20T04:00:00.000Z,344,3,COLLEGE ST,LANSDOWNE AVE, ,Minor Arterial,Toronto East York,43.65093954,-79.43996058,Intersection,At Intersection,Traffic Signal,Clear,"Dark, artificial",Dry,Non-Fatal Injury,Cyclist Collisions,Passenger,40 to 44,None, , , , , , , , , , , , , ,Yes,Yes, , ,, ,Yes, ,Yes, , , ,D11,Davenport (18),18,83,Dufferin Grove (83),8
-79.44399029,43.65804538,7793634,1345603,2013,2013-03-10T05:00:00.000Z,400,4,BLOOR ST W,ST HELENS AVE, ,Major Arterial,Toronto East York,43.65804538,-79.44399029,Intersection,At Intersection,Stop Sign,Clear,"Dark, artificial",Dry,Non-Fatal Injury,Cyclist Collisions,Passenger,20 to 24,Minimal, , ,Other, , , , , , , , , , ,Yes,Yes, , ,, ,Yes, , , , , ,D11,Davenport (18),18,83,Dufferin Grove (83),9
-79.44399029,43.65804538,7793635,1345603,2013,2013-03-10T05:00:00.000Z,400,4,BLOOR ST W,ST HELENS AVE, ,Major Arterial,Toronto East York,43.65804538,-79.44399029,Intersection,At Intersection,Stop Sign,Clear,"Dark, artificial",Dry,Non-Fatal Injury,Cyclist Collisions,Driver,30 to 34,None, ,West,"Automobile, Station Wagon",Going Ahead,Driving Properly,Normal, , , , , , , ,Yes,Yes, , ,, ,Yes, , , , , ,D11,Davenport (18),18,83,Dufferin Grove (83),10
-79.44399029,43.65804538,7793636,1345603,2013,2013-03-10T05:00:00.000Z,400,4,BLOOR ST W,ST HELENS AVE, ,Major Arterial,Toronto East York,43.65804538,-79.44399029,Intersection,At Intersection,Stop Sign,Clear,"Dark, artificial",Dry,Non-Fatal Injury,Cyclist Collisions,Cyclist,20 to 24,Major, ,North,Bicycle,Turning Right, , , , , ,Cyclist turns right across motorists path,Improper Turn,Other, ,Yes,Yes, , ,, ,Yes, , , , , ,D11,Davenport (18),18,83,Dufferin Grove (83),11
-79.40648279,43.65665014,80503369,6000543310,2016,2016-03-31T04:00:00.000Z,637,6,COLLEGE ST,LIPPINCOTT ST,1 m East of,Major Arterial,Toronto East York,43.65665014,-79.40648279,Intersection,At Intersection,Stop Sign,Rain,"Daylight, artificial",Wet,Non-Fatal Injury,Cyclist Collisions,Cyclist,65 to 69,Major, ,South,Bicycle,Going Ahead, , , , , ,"Cyclist without ROW rides into path of motorist at inter, lnwy, dwy-Cyclist not turn.",Disobeyed Traffic Control,Inattentive, ,Yes,Yes, , ,, ,Yes, , , , , ,D14,Trinity-Spadina (20),20,78,Kensington-Chinatown (78),12
-79.40648279,43.65665014,80503370,6000543310,2016,2016-03-31T04:00:00.000Z,637,6,COLLEGE ST,LIPPINCOTT ST,1 m East of,Major Arterial,Toronto East York,43.65665014,-79.40648279,Intersection,At Intersection,Stop Sign,Rain,"Daylight, artificial",Wet,Non-Fatal Injury,Cyclist Collisions,Driver,65 to 69,None, ,West,"Automobile, Station Wagon",Going Ahead,Driving Properly,Normal, , , , , , , ,Yes,Yes, , ,, ,Yes, , , , , ,D14,Trinity-Spadina (20),20,78,Kensington-Chinatown (78),13
-79.40648279,43.65665014,80503371,6000543310,2016,2016-03-31T04:00:00.000Z,637,6,COLLEGE ST,LIPPINCOTT ST,1 m East of,Major Arterial,Toronto East York,43.65665014,-79.40648279,Intersection,At Intersection,Stop Sign,Rain,"Daylight, artificial",Wet,Non-Fatal Injury,Cyclist Collisions,Passenger,60 to 64,None, , , , , , , , , , , , , ,Yes,Yes, , ,, ,Yes, , , , , ,D14,Trinity-Spadina (20),20,78,Kensington-Chinatown (78),14
-79.31184778,43.68340643,80159333,4002017268,2014,2014-05-05T04:00:00.000Z,644,6,WOODBINE AVE,MERRILL AVE E, ,Major Arterial,Toronto East York,43.68340643,-79.31184778,Intersection,Intersection Related,Stop Sign,Clear,Daylight,Dry,Non-Fatal Injury,Cyclist Collisions,Driver,25 to 29,None, ,East,"Automobile, Station Wagon",Turning Left,Failed to Yield Right of Way,Normal, , , , , , , ,Yes,Yes, , ,, ,Yes, ,Yes, , , ,D55,Beaches-East York (32),32,64,Woodbine Corridor (64),15
-79.31184778,43.68340643,80159334,4002017268,2014,2014-05-05T04:00:00.000Z,644,6,WOODBINE AVE,MERRILL AVE E, ,Major Arterial,Toronto East York,43.68340643,-79.31184778,Intersection,Intersection Related,Stop Sign,Clear,Daylight,Dry,Non-Fatal Injury,Cyclist Collisions,Passenger,25 to 29,None, , , , , , , , , , , , , ,Yes,Yes, , ,, ,Yes, ,Yes, , , ,D55,Beaches-East York (32),32,64,Woodbine Corridor (64),16
-79.31184778,43.68340643,80159335,4002017268,2014,2014-05-05T04:00:00.000Z,644,6,WOODBINE AVE,MERRILL AVE E, ,Major Arterial,Toronto East York,43.68340643,-79.31184778,Intersection,Intersection Related,Stop Sign,Clear,Daylight,Dry,Non-Fatal Injury,Cyclist Collisions,Passenger,unknown,None, , , , , , , , , , , , , ,Yes,Yes, , ,, ,Yes, ,Yes, , , ,D55,Beaches-East York (32),32,64,Woodbine Corridor (64),17
-79.31184778,43.68340643,80159336,4002017268,2014,2014-05-05T04:00:00.000Z,644,6,WOODBINE AVE,MERRILL AVE E, ,Major Arterial,Toronto East York,43.68340643,-79.31184778,Intersection,Intersection Related,Stop Sign,Clear,Daylight,Dry,Non-Fatal Injury,Cyclist Collisions,Passenger,unknown,None, , , , , , , , , , , , , ,Yes,Yes, , ,, ,Yes, ,Yes, , , ,D55,Beaches-East York (32),32,64,Woodbine Corridor (64),18
-79.31184778,43.68340643,80159337,4002017268,2014,2014-05-05T04:00:00.000Z,644,6,WOODBINE AVE,MERRILL AVE E, ,Major Arterial,Toronto East York,43.68340643,-79.31184778,Intersection,Intersection Related,Stop Sign,Clear,Daylight,Dry,Non-Fatal Injury,Cyclist Collisions,Cyclist,55 to 59,Major, ,South,Bicycle,Going Ahead, , , , , ,Motorist turned left across cyclists path.,Driving Properly,Normal, ,Yes,Yes, , ,, ,Yes, ,Yes, , , ,D55,Beaches-East York (32),32,64,Woodbine Corridor (64),19
-79.33171473,43.66672476,80160036,4002062071,2014,2014-05-12T04:00:00.000Z,740,7,DUNDAS ST E,LESLIE ST, ,Minor Arterial,Toronto East York,43.66672476,-79.33171473,Intersection,At Intersection,Traffic Signal,Clear,Daylight,Dry,Non-Fatal Injury,Cyclist Collisions,Driver,35 to 39,None, ,West,"Automobile, Station Wagon",Turning Right,Failed to Yield Right of Way,Normal, , , , , , , ,Yes,Yes, , ,, ,Yes, ,Yes, , , ,D55,Toronto-Danforth (30),30,70,South Riverdale (70),20
-79.33171473,43.66672476,80160037,4002062071,2014,2014-05-12T04:00:00.000Z,740,7,DUNDAS ST E,LESLIE ST, ,Minor Arterial,Toronto East York,43.66672476,-79.33171473,Intersection,At Intersection,Traffic Signal,Clear,Daylight,Dry,Non-Fatal Injury,Cyclist Collisions,Passenger,30 to 34,None, , , , , , , , , , , , , ,Yes,Yes, , ,, ,Yes, ,Yes, , , ,D55,Toronto-Danforth (30),30,70,South Riverdale (70),21
-79.33171473,43.66672476,80160038,4002062071,2014,2014-05-12T04:00:00.000Z,740,7,DUNDAS ST E,LESLIE ST, ,Minor Arterial,Toronto East York,43.66672476,-79.33171473,Intersection,At Intersection,Traffic Signal,Clear,Daylight,Dry,Non-Fatal Injury,Cyclist Collisions,Passenger,5 to 9,None, , , , , , , , , , , , , ,Yes,Yes, , ,, ,Yes, ,Yes, , , ,D55,Toronto-Danforth (30),30,70,South Riverdale (70),22
-79.33171473,43.66672476,80160039,4002062071,2014,2014-05-12T04:00:00.000Z,740,7,DUNDAS ST E,LESLIE ST, ,Minor Arterial,Toronto East York,43.66672476,-79.33171473,Intersection,At Intersection,Traffic Signal,Clear,Daylight,Dry,Non-Fatal Injury,Cyclist Collisions,Passenger,0 to 4,None, , , , , , , , , , , , , ,Yes,Yes, , ,, ,Yes, ,Yes, , , ,D55,Toronto-Danforth (30),30,70,South Riverdale (70),23
-79.33171473,43.66672476,80160040,4002062071,2014,2014-05-12T04:00:00.000Z,740,7,DUNDAS ST E,LESLIE ST, ,Minor Arterial,Toronto East York,43.66672476,-79.33171473,Intersection,At Intersection,Traffic Signal,Clear,Daylight,Dry,Non-Fatal Injury,Cyclist Collisions,Cyclist,40 to 44,Major, ,West,Bicycle,Going Ahead, , , , , ,Motorist turning right on green or amber at signalized intersection strikes cyclist.,Driving Properly,Normal, ,Yes,Yes, , ,, ,Yes, ,Yes, , , ,D55,Toronto-Danforth (30),30,70,South Riverdale (70),24
-79.37704096,43.77126272000001,80241811,5001016196,2015,2015-06-17T04:00:00.000Z,830,8,ARROWSTOOK RD,BURBANK DR, ,Local,North York,43.77126272,-79.37704096,Intersection,At Intersection,Stop Sign,Clear,Daylight,Dry,Non-Fatal Injury,Cyclist Collisions,Driver,35 to 39,None, ,West,"Automobile, Station Wagon",Turning Right,Other,Unknown, , , , , , , ,Yes,Yes, , ,, ,Yes, , , , , ,D33,Willowdale (24),24,52,Bayview Village (52),25
-79.37704096,43.77126272000001,80241812,5001016196,2015,2015-06-17T04:00:00.000Z,830,8,ARROWSTOOK RD,BURBANK DR, ,Local,North York,43.77126272,-79.37704096,Intersection,At Intersection,Stop Sign,Clear,Daylight,Dry,Non-Fatal Injury,Cyclist Collisions,Cyclist,60 to 64,Major, ,South,Bicycle,Going Ahead, , , , , ,"Cyclist without ROW rides into path of motorist at inter, lnwy, dwy-Cyclist not turn.",Failed to Yield Right of Way,Inattentive, ,Yes,Yes, , ,, ,Yes, , , , , ,D33,Willowdale (24),24,52,Bayview Village (52),26
-79.37704096,43.77126272000001,80241813,5001016196,2015,2015-06-17T04:00:00.000Z,830,8,ARROWSTOOK RD,BURBANK DR, ,Local,North York,43.77126272,-79.37704096,Intersection,At Intersection,Stop Sign,Clear,Daylight,Dry,Non-Fatal Injury,Cyclist Collisions,Passenger,0 to 4,None, , , , , , , , , , , , , ,Yes,Yes, , ,, ,Yes, , , , , ,D33,Willowdale (24),24,52,Bayview Village (52),27
-79.37704096,43.77126272000001,80241814,5001016196,2015,2015-06-17T04:00:00.000Z,830,8,ARROWSTOOK RD,BURBANK DR, ,Local,North York,43.77126272,-79.37704096,Intersection,At Intersection,Stop Sign,Clear,Daylight,Dry,Non-Fatal Injury,Cyclist Collisions,Passenger,5 to 9,None, , , , , , , , , , , , , ,Yes,Yes, , ,, ,Yes, , , , , ,D33,Willowdale (24),24,52,Bayview Village (52),28
-79.42467127,43.67918738,80632458,6000853484,2016,2016-05-18T04:00:00.000Z,845,8,580 CHRISTIE ST, ,2 m East of,Minor Arterial,Toronto East York,43.67918738,-79.42467127,Mid-Block,At/Near Private Drive,No Control,Clear,Daylight,Dry,Non-Fatal Injury,Cyclist Collisions,Driver,30 to 34,None, ,North,Delivery Van,Turning Left,Failed to Yield Right of Way,Other, , , , , , , ,Yes,Yes, , ,, ,Yes, ,Yes, , , ,D13,St. Paul's (21),21,94,Wychwood (94),29
-79.42467127,43.67918738,80632459,6000853484,2016,2016-05-18T04:00:00.000Z,845,8,580 CHRISTIE ST, ,2 m East of,Minor Arterial,Toronto East York,43.67918738,-79.42467127,Mid-Block,At/Near Private Drive,No Control,Clear,Daylight,Dry,Non-Fatal Injury,Cyclist Collisions,Cyclist,20 to 24,Major, ,South,Bicycle,Going Ahead, , , , , ,Motorist turned left across cyclists path.,Driving Properly,Normal, ,Yes,Yes, , ,, ,Yes, ,Yes, , , ,D13,St. Paul's (21),21,94,Wychwood (94),30
-79.42467127,43.67918738,80632460,6000853484,2016,2016-05-18T04:00:00.000Z,845,8,580 CHRISTIE ST, ,2 m East of,Minor Arterial,Toronto East York,43.67918738,-79.42467127,Mid-Block,At/Near Private Drive,No Control,Clear,Daylight,Dry,Non-Fatal Injury,Cyclist Collisions,Passenger,30 to 34,None, , , , , , , , , , , , , ,Yes,Yes, , ,, ,Yes, ,Yes, , , ,D13,St. Paul's (21),21,94,Wychwood (94),31
-79.27853022,43.78527792,80632217,6001699155,2016,2016-09-24T04:00:00.000Z,903,9,MIDLAND AVE,SHEPPARD AVE E, ,Major Arterial,Scarborough,43.78527792,-79.27853022,Intersection,At Intersection,Traffic Signal,Clear,Daylight,Dry,Non-Fatal Injury,Cyclist Collisions,Cyclist,10 to 14,Major, ,North,Bicycle,Going Ahead, , , , , ,Motorist turned left across cyclists path.,Other,Inattentive, ,Yes,Yes, , ,, ,Yes, , , , , ,D42,Scarborough-Rouge River (41),41,128,Agincourt South-Malvern West (128),32
-79.27853022,43.78527792,80632218,6001699155,2016,2016-09-24T04:00:00.000Z,903,9,MIDLAND AVE,SHEPPARD AVE E, ,Major Arterial,Scarborough,43.78527792,-79.27853022,Intersection,At Intersection,Traffic Signal,Clear,Daylight,Dry,Non-Fatal Injury,Cyclist Collisions,Driver,70 to 74,None, ,South,"Automobile, Station Wagon",Turning Left,Improper Turn,Inattentive, , , , , , , ,Yes,Yes, , ,, ,Yes, , , , , ,D42,Scarborough-Rouge River (41),41,128,Agincourt South-Malvern West (128),33
-79.27853022,43.78527792,80632219,6001699155,2016,2016-09-24T04:00:00.000Z,903,9,MIDLAND AVE,SHEPPARD AVE E, ,Major Arterial,Scarborough,43.78527792,-79.27853022,Intersection,At Intersection,Traffic Signal,Clear,Daylight,Dry,Non-Fatal Injury,Cyclist Collisions,Passenger,70 to 74,None, , , , , , , , , , , , , ,Yes,Yes, , ,, ,Yes, , , , , ,D42,Scarborough-Rouge River (41),41,128,Agincourt South-Malvern West (128),34
-79.30791865,43.673919279999986,80159363,4002018320,2014,2014-05-05T04:00:00.000Z,1009,10,WOODBINE AVE,KINGSTON RD, ,Major Arterial,Toronto East York,43.67391928,-79.30791865,Intersection,At Intersection,Traffic Signal,Clear,Daylight,Dry,Non-Fatal Injury,Cyclist Collisions,Cyclist,50 to 54,Major, ,North,Bicycle,Going Ahead, , , , , ,Motorist turned left across cyclists path.,Driving Properly,Normal, ,Yes,Yes, , ,, ,Yes, ,Yes, , , ,D55,Beaches-East York (32),32,63,The Beaches (63),35
-79.30791865,43.673919279999986,80159364,4002018320,2014,2014-05-05T04:00:00.000Z,1009,10,WOODBINE AVE,KINGSTON RD, ,Major Arterial,Toronto East York,43.67391928,-79.30791865,Intersection,At Intersection,Traffic Signal,Clear,Daylight,Dry,Non-Fatal Injury,Cyclist Collisions,Driver,45 to 49,None, ,South,"Automobile, Station Wagon",Turning Left,Failed to Yield Right of Way,Normal, , , , , , , ,Yes,Yes, , ,, ,Yes, ,Yes, , , ,D55,Beaches-East York (32),32,63,The Beaches (63),36
-79.30791865,43.673919279999986,80159365,4002018320,2014,2014-05-05T04:00:00.000Z,1009,10,WOODBINE AVE,KINGSTON RD, ,Major Arterial,Toronto East York,43.67391928,-79.30791865,Intersection,At Intersection,Traffic Signal,Clear,Daylight,Dry,Non-Fatal Injury,Cyclist Collisions,Passenger,20 to 24,None, , , , , , , , , , , , , ,Yes,Yes, , ,, ,Yes, ,Yes, , , ,D55,Beaches-East York (32),32,63,The Beaches (63),37
-79.55492029,43.62899359,80248479,5001450991,2015,2015-08-23T04:00:00.000Z,1147,11,DUNDAS ST W,CLOVERDALE MALL,100 m East of,Major Arterial,Etobicoke York,43.62899359,-79.55492029,Intersection,At Intersection,Traffic Signal,Clear,Daylight,Dry,Non-Fatal Injury,Cyclist Collisions,Driver,60 to 64,Minimal, ,East,"Automobile, Station Wagon",Turning Left,Improper Turn,Inattentive, , , , , , , ,Yes,Yes, , ,, ,Yes, , , , , ,D22,Etobicoke-Lakeshore (5),5,14,Islington-City Centre West (14),38
-79.55492029,43.62899359,80248480,5001450991,2015,2015-08-23T04:00:00.000Z,1147,11,DUNDAS ST W,CLOVERDALE MALL,100 m East of,Major Arterial,Etobicoke York,43.62899359,-79.55492029,Intersection,At Intersection,Traffic Signal,Clear,Daylight,Dry,Non-Fatal Injury,Cyclist Collisions,Driver,45 to 49,Minimal, ,West,Passenger Van,Going Ahead,Driving Properly,Normal, , , , , , , ,Yes,Yes, , ,, ,Yes, , , , , ,D22,Etobicoke-Lakeshore (5),5,14,Islington-City Centre West (14),39
-79.55492029,43.62899359,80248481,5001450991,2015,2015-08-23T04:00:00.000Z,1147,11,DUNDAS ST W,CLOVERDALE MALL,100 m East of,Major Arterial,Etobicoke York,43.62899359,-79.55492029,Intersection,At Intersection,Traffic Signal,Clear,Daylight,Dry,Non-Fatal Injury,Cyclist Collisions,Cyclist,55 to 59,Major, ,East,Bicycle,Stopped, , , , , ,Motorist loses control and strikes cyclist.,Driving Properly,Normal, ,Yes,Yes, , ,, ,Yes, , , , , ,D22,Etobicoke-Lakeshore (5),5,14,Islington-City Centre West (14),40
-79.55492029,43.62899359,80248482,5001450991,2015,2015-08-23T04:00:00.000Z,1147,11,DUNDAS ST W,CLOVERDALE MALL,100 m East of,Major Arterial,Etobicoke York,43.62899359,-79.55492029,Intersection,At Intersection,Traffic Signal,Clear,Daylight,Dry,Non-Fatal Injury,Cyclist Collisions,Passenger,40 to 44,Major, , , , , , , , , , , , , ,Yes,Yes, , ,, ,Yes, , , , , ,D22,Etobicoke-Lakeshore (5),5,14,Islington-City Centre West (14),41
-79.34819029,43.69364538,7828765,1360626,2013,2013-06-12T04:00:00.000Z,1157,11,O CONNOR DR,RIVERCOURT BLVD, ,Major Arterial,Toronto East York,43.69364538,-79.34819029,Intersection,At Intersection,Traffic Signal,Clear,Daylight,Dry,Non-Fatal Injury,Cyclist Collisions,Passenger,15 to 19,None, , ,Other, , , , , , , , , , ,Yes,Yes, , ,, ,Yes, , , , , ,D54,Toronto-Danforth (29),29,58,Old East York (58),42
-79.34819029,43.69364538,7828766,1360626,2013,2013-06-12T04:00:00.000Z,1157,11,O CONNOR DR,RIVERCOURT BLVD, ,Major Arterial,Toronto East York,43.69364538,-79.34819029,Intersection,At Intersection,Traffic Signal,Clear,Daylight,Dry,Non-Fatal Injury,Cyclist Collisions,Vehicle Owner,unknown, , , ,Other, , , , , , , , , , ,Yes,Yes, , ,, ,Yes, , , , , ,D54,Toronto-Danforth (29),29,58,Old East York (58),43
-79.34819029,43.69364538,7828767,1360626,2013,2013-06-12T04:00:00.000Z,1157,11,O CONNOR DR,RIVERCOURT BLVD, ,Major Arterial,Toronto East York,43.69364538,-79.34819029,Intersection,At Intersection,Traffic Signal,Clear,Daylight,Dry,Non-Fatal Injury,Cyclist Collisions,Driver,50 to 54,None, ,West,"Automobile, Station Wagon",Going Ahead,Driving Properly,Normal, , , , , , , ,Yes,Yes, , ,, ,Yes, , , , , ,D54,Toronto-Danforth (29),29,58,Old East York (58),44
-79.34819029,43.69364538,7828768,1360626,2013,2013-06-12T04:00:00.000Z,1157,11,O CONNOR DR,RIVERCOURT BLVD, ,Major Arterial,Toronto East York,43.69364538,-79.34819029,Intersection,At Intersection,Traffic Signal,Clear,Daylight,Dry,Non-Fatal Injury,Cyclist Collisions,Cyclist,35 to 39,Major, ,West,Bicycle,Turning Left, , , , , ,Cyclist turned left across motorists path.,Improper Turn,Inattentive, ,Yes,Yes, , ,, ,Yes, , , , , ,D54,Toronto-Danforth (29),29,58,Old East York (58),45
-79.4248086,43.64300497,80490827,5001806026,2015,2015-10-20T04:00:00.000Z,1250,12,QUEEN ST W,BEACONSFIELD AVE,60 m West of,Major Arterial,Toronto East York,43.64300497,-79.4248086,Intersection,Non Intersection,No Control,Clear,Daylight,Dry,Non-Fatal Injury,Cyclist Collisions,Driver,30 to 34,None, ,East,"Automobile, Station Wagon",Stopped,Other,Inattentive, , , , , , , ,Yes,Yes, , ,, ,Yes, , , , , ,D14,Davenport (18),18,84,Little Portugal (84),46
-79.4248086,43.64300497,80490828,5001806026,2015,2015-10-20T04:00:00.000Z,1250,12,QUEEN ST W,BEACONSFIELD AVE,60 m West of,Major Arterial,Toronto East York,43.64300497,-79.4248086,Intersection,Non Intersection,No Control,Clear,Daylight,Dry,Non-Fatal Injury,Cyclist Collisions,Cyclist,25 to 29,Major, ,East,Bicycle,Overtaking, , , , , ,Cyclist struck opened vehicle door,Driving Properly,Normal, ,Yes,Yes, , ,, ,Yes, , , , , ,D14,Davenport (18),18,84,Little Portugal (84),47
-79.4248086,43.64300497,80490829,5001806026,2015,2015-10-20T04:00:00.000Z,1250,12,QUEEN ST W,BEACONSFIELD AVE,60 m West of,Major Arterial,Toronto East York,43.64300497,-79.4248086,Intersection,Non Intersection,No Control,Clear,Daylight,Dry,Non-Fatal Injury,Cyclist Collisions,Passenger,0 to 4,None, , , , , , , , , , , , , ,Yes,Yes, , ,, ,Yes, , , , , ,D14,Davenport (18),18,84,Little Portugal (84),48
-79.48573695,43.64830359,80248167,5001433281,2015,2015-08-20T04:00:00.000Z,1318,13,SOUTH KINGSWAY,BLOOR ST W, ,Major Arterial,Etobicoke York,43.64830359,-79.48573695,Intersection,At Intersection,Traffic Signal,Rain,Daylight,Wet,Non-Fatal Injury,Cyclist Collisions,Cyclist,20 to 24,Major, ,East,Bicycle,Going Ahead, , , , , ,"Cyclist without ROW rides into path of motorist at inter, lnwy, dwy-Cyclist not turn.",Disobeyed Traffic Control,Normal, ,Yes,Yes, , ,, ,Yes, , , , , ,D11,Parkdale-High Park (13),13,87,High Park-Swansea (87),49
-79.48573695,43.64830359,80248168,5001433281,2015,2015-08-20T04:00:00.000Z,1318,13,SOUTH KINGSWAY,BLOOR ST W, ,Major Arterial,Etobicoke York,43.64830359,-79.48573695,Intersection,At Intersection,Traffic Signal,Rain,Daylight,Wet,Non-Fatal Injury,Cyclist Collisions,Driver,65 to 69,None, ,West,"Automobile, Station Wagon",Turning Left,Driving Properly,Normal, , , , , , , ,Yes,Yes, , ,, ,Yes, , , , , ,D11,Parkdale-High Park (13),13,87,High Park-Swansea (87),50
-79.48573695,43.64830359,80248169,5001433281,2015,2015-08-20T04:00:00.000Z,1318,13,SOUTH KINGSWAY,BLOOR ST W, ,Major Arterial,Etobicoke York,43.64830359,-79.48573695,Intersection,At Intersection,Traffic Signal,Rain,Daylight,Wet,Non-Fatal Injury,Cyclist Collisions,Passenger,55 to 59,None, , , , , , , , , , , , , ,Yes,Yes, , ,, ,Yes, , , , , ,D11,Parkdale-High Park (13),13,87,High Park-Swansea (87),51
-79.42026148,43.6548992,80175681,4003007939,2014,2014-09-29T04:00:00.000Z,1325,13,COLLEGE ST,SHAW ST, ,Major Arterial,Toronto East York,43.6548992,-79.42026148,Intersection,Non Intersection,Pedestrian Crossover,Clear,Daylight,Dry,Non-Fatal Injury,Cyclist Collisions,Driver,35 to 39,None, ,South,"Automobile, Station Wagon",Going Ahead,Failed to Yield Right of Way,Normal, , , , , , , ,Yes,Yes, , ,, ,Yes, ,Yes, , , ,D14,Trinity-Spadina (19),19,81,Trinity-Bellwoods (81),52
-79.42026148,43.6548992,80175682,4003007939,2014,2014-09-29T04:00:00.000Z,1325,13,COLLEGE ST,SHAW ST, ,Major Arterial,Toronto East York,43.6548992,-79.42026148,Intersection,Non Intersection,Pedestrian Crossover,Clear,Daylight,Dry,Non-Fatal Injury,Cyclist Collisions,Cyclist,25 to 29,Major, ,East,Bicycle,Going Ahead, , , , , ,"Motorist without ROW drives into path of cyclist at inter, lnwy, dwy-Driver not turn.",Failed to Yield Right of Way,Fatigue, ,Yes,Yes, , ,, ,Yes, ,Yes, , , ,D14,Trinity-Spadina (19),19,81,Trinity-Bellwoods (81),53
-79.42026148,43.6548992,80175683,4003007939,2014,2014-09-29T04:00:00.000Z,1325,13,COLLEGE ST,SHAW ST, ,Major Arterial,Toronto East York,43.6548992,-79.42026148,Intersection,Non Intersection,Pedestrian Crossover,Clear,Daylight,Dry,Non-Fatal Injury,Cyclist Collisions,Passenger,20 to 24,Minimal, , , , , , , , , , , , , ,Yes,Yes, , ,, ,Yes, ,Yes, , , ,D14,Trinity-Spadina (19),19,81,Trinity-Bellwoods (81),54
-79.35822687,43.6639057,80718306,6001569976,2016,2016-09-04T04:00:00.000Z,1400,14,GERRARD ST E,RIVER ST,80 m East of,Minor Arterial,Toronto East York,43.6639057,-79.35822687,Mid-Block,Non Intersection,No Control,Clear,Daylight,Dry,Non-Fatal Injury,Cyclist Collisions,Cyclist,65 to 69,Major, ,West,Bicycle,Changing Lanes, , , , , ,Cyclist and Driver travelling in same direction. One vehicle sideswipes the other.,Improper Lane Change,Inattentive, ,Yes,Yes, , ,, ,Yes, , , , , ,D51,Toronto Centre-Rosedale (28),28,72,Regent Park (72),55
-79.35822687,43.6639057,80718307,6001569976,2016,2016-09-04T04:00:00.000Z,1400,14,GERRARD ST E,RIVER ST,80 m East of,Minor Arterial,Toronto East York,43.6639057,-79.35822687,Mid-Block,Non Intersection,No Control,Clear,Daylight,Dry,Non-Fatal Injury,Cyclist Collisions,Driver,20 to 24,None, ,West,"Automobile, Station Wagon",Going Ahead,Driving Properly,Normal, , , , , , , ,Yes,Yes, , ,, ,Yes, , , , , ,D51,Toronto Centre-Rosedale (28),28,72,Regent Park (72),56
-79.35822687,43.6639057,80718308,6001569976,2016,2016-09-04T04:00:00.000Z,1400,14,GERRARD ST E,RIVER ST,80 m East of,Minor Arterial,Toronto East York,43.6639057,-79.35822687,Mid-Block,Non Intersection,No Control,Clear,Daylight,Dry,Non-Fatal Injury,Cyclist Collisions,Passenger,20 to 24,None, , , , , , , , , , , , , ,Yes,Yes, , ,, ,Yes, , , , , ,D51,Toronto Centre-Rosedale (28),28,72,Regent Park (72),57
-79.38179029,43.64834538,5376332,1045778,2008,2008-05-26T04:00:00.000Z,1410,14,KING ST W,YORK ST, ,Major Arterial,Toronto East York,43.64834538,-79.38179029,Mid-Block,At Intersection,No Control,Clear,Daylight,Dry,Non-Fatal Injury,Cyclist Collisions,Passenger,40 to 44,None, , ,Other, , , , , , , , , , ,Yes,Yes, , ,, ,Yes, , , , , ,D52,Toronto Centre-Rosedale (28),28,76,Bay Street Corridor (76),58
-79.38179029,43.64834538,5376333,1045778,2008,2008-05-26T04:00:00.000Z,1410,14,KING ST W,YORK ST, ,Major Arterial,Toronto East York,43.64834538,-79.38179029,Mid-Block,At Intersection,No Control,Clear,Daylight,Dry,Non-Fatal Injury,Cyclist Collisions,Vehicle Owner,unknown, , , ,Other, , , , , , , , , , ,Yes,Yes, , ,, ,Yes, , , , , ,D52,Toronto Centre-Rosedale (28),28,76,Bay Street Corridor (76),59
-79.38179029,43.64834538,5376334,1045778,2008,2008-05-26T04:00:00.000Z,1410,14,KING ST W,YORK ST, ,Major Arterial,Toronto East York,43.64834538,-79.38179029,Mid-Block,At Intersection,No Control,Clear,Daylight,Dry,Non-Fatal Injury,Cyclist Collisions,Driver,50 to 54,None, ,West,"Automobile, Station Wagon",Turning Left,Other,Normal, , , , , , , ,Yes,Yes, , ,, ,Yes, , , , , ,D52,Toronto Centre-Rosedale (28),28,76,Bay Street Corridor (76),60
-79.38179029,43.64834538,5376335,1045778,2008,2008-05-26T04:00:00.000Z,1410,14,KING ST W,YORK ST, ,Major Arterial,Toronto East York,43.64834538,-79.38179029,Mid-Block,At Intersection,No Control,Clear,Daylight,Dry,Non-Fatal Injury,Cyclist Collisions,Cyclist,20 to 24,Major, , ,Bicycle,Unknown, , , , , ,Cyclist struck opened vehicle door,Driving Properly,Normal, ,Yes,Yes, , ,, ,Yes, , , , , ,D52,Toronto Centre-Rosedale (28),28,76,Bay Street Corridor (76),61
-79.42564783,43.66197165,80225387,4003521992,2014,2014-12-20T05:00:00.000Z,1410,14,OSSINGTON AVE,BLOOR ST W,15 m South of,Minor Arterial,Toronto East York,43.66197165,-79.42564783,Intersection,Non Intersection,No Control,Clear,Daylight,Dry,Non-Fatal Injury,Cyclist Collisions,Driver,55 to 59,None, ,South,"Automobile, Station Wagon",Overtaking,Improper Passing,Inattentive, , , , , , , ,Yes,Yes, , ,, ,Yes, ,Yes, , , ,D14,Trinity-Spadina (19),19,80,Palmerston-Little Italy (80),62
-79.42564783,43.66197165,80225388,4003521992,2014,2014-12-20T05:00:00.000Z,1410,14,OSSINGTON AVE,BLOOR ST W,15 m South of,Minor Arterial,Toronto East York,43.66197165,-79.42564783,Intersection,Non Intersection,No Control,Clear,Daylight,Dry,Non-Fatal Injury,Cyclist Collisions,Cyclist,25 to 29,Major, ,South,Bicycle,Going Ahead, , , , , ,Cyclist and Driver travelling in same direction. One vehicle sideswipes the other.,Driving Properly,Normal, ,Yes,Yes, , ,, ,Yes, ,Yes, , , ,D14,Trinity-Spadina (19),19,80,Palmerston-Little Italy (80),63
-79.42564783,43.66197165,80225389,4003521992,2014,2014-12-20T05:00:00.000Z,1410,14,OSSINGTON AVE,BLOOR ST W,15 m South of,Minor Arterial,Toronto East York,43.66197165,-79.42564783,Intersection,Non Intersection,No Control,Clear,Daylight,Dry,Non-Fatal Injury,Cyclist Collisions,Passenger,55 to 59,None, , , , , , , , , , , , , ,Yes,Yes, , ,, ,Yes, ,Yes, , , ,D14,Trinity-Spadina (19),19,80,Palmerston-Little Italy (80),64
-79.38432703,43.78668555,80632023,5000992370,2015,2015-06-13T04:00:00.000Z,1423,14,FINCH AVE E,PAGE AVE, ,Major Arterial,North York,43.78668555,-79.38432703,Intersection,At Intersection,Stop Sign,Clear,Daylight,Dry,Non-Fatal Injury,Cyclist Collisions,Driver,85 to 89,None, ,North,"Automobile, Station Wagon",Turning Right,Failed to Yield Right of Way,Inattentive, , , , , , , ,Yes,Yes, , ,, ,Yes, ,Yes, , , ,D33,Willowdale (24),24,52,Bayview Village (52),65
-79.38432703,43.78668555,80632024,5000992370,2015,2015-06-13T04:00:00.000Z,1423,14,FINCH AVE E,PAGE AVE, ,Major Arterial,North York,43.78668555,-79.38432703,Intersection,At Intersection,Stop Sign,Clear,Daylight,Dry,Non-Fatal Injury,Cyclist Collisions,Cyclist,45 to 49,Major, ,East,Bicycle,Going Ahead, , , , , ,"Motorist turns right at non-signal Inter.(stop, yield, no cont.,and dwy) and strikes cyclist.",Driving Properly,Normal, ,Yes,Yes, , ,, ,Yes, ,Yes, , , ,D33,Willowdale (24),24,52,Bayview Village (52),66
-79.38432703,43.78668555,80632025,5000992370,2015,2015-06-13T04:00:00.000Z,1423,14,FINCH AVE E,PAGE AVE, ,Major Arterial,North York,43.78668555,-79.38432703,Intersection,At Intersection,Stop Sign,Clear,Daylight,Dry,Non-Fatal Injury,Cyclist Collisions,Passenger,80 to 84,None, , , , , , , , , , , , , ,Yes,Yes, , ,, ,Yes, ,Yes, , , ,D33,Willowdale (24),24,52,Bayview Village (52),67
-79.38629029,43.65004538,7486698,1324513,2012,2012-11-07T05:00:00.000Z,1437,14,RICHMOND ST W,UNIVERSITY AVE, ,Major Arterial,Toronto East York,43.65004538,-79.38629029,Intersection,At Intersection,Traffic Signal,Clear,Daylight,Dry,Fatal,Cyclist Collisions,Vehicle Owner,unknown, , , ,Other, , , , , , , , , , ,Yes,Yes, , ,, ,Yes, , , , , ,D52,Trinity-Spadina (20),20,76,Bay Street Corridor (76),68
-79.38629029,43.65004538,7486699,1324513,2012,2012-11-07T05:00:00.000Z,1437,14,RICHMOND ST W,UNIVERSITY AVE, ,Major Arterial,Toronto East York,43.65004538,-79.38629029,Intersection,At Intersection,Traffic Signal,Clear,Daylight,Dry,Fatal,Cyclist Collisions,Driver,30 to 34,None, ,North,"Automobile, Station Wagon",Going Ahead,Driving Properly,Normal, , , , , , , ,Yes,Yes, , ,, ,Yes, , , , , ,D52,Trinity-Spadina (20),20,76,Bay Street Corridor (76),69
-79.38629029,43.65004538,7486700,1324513,2012,2012-11-07T05:00:00.000Z,1437,14,RICHMOND ST W,UNIVERSITY AVE, ,Major Arterial,Toronto East York,43.65004538,-79.38629029,Intersection,At Intersection,Traffic Signal,Clear,Daylight,Dry,Fatal,Cyclist Collisions,Passenger,35 to 39,None, , ,Other, , , , , , , , , , ,Yes,Yes, , ,, ,Yes, , , , , ,D52,Trinity-Spadina (20),20,76,Bay Street Corridor (76),70
-79.38629029,43.65004538,7486701,1324513,2012,2012-11-07T05:00:00.000Z,1437,14,RICHMOND ST W,UNIVERSITY AVE, ,Major Arterial,Toronto East York,43.65004538,-79.38629029,Intersection,At Intersection,Traffic Signal,Clear,Daylight,Dry,Fatal,Cyclist Collisions,Cyclist,55 to 59,Fatal,38,West,Bicycle,Going Ahead, , , , , ,"Cyclist without ROW rides into path of motorist at inter, lnwy, dwy-Cyclist not turn.",Disobeyed Traffic Control,Unknown, ,Yes,Yes, , ,, ,Yes, , , , , ,D52,Trinity-Spadina (20),20,76,Bay Street Corridor (76),71
-79.36809029,43.790045379999988,4218162,990402,2007,2007-08-27T04:00:00.000Z,1441,14,FINCH Aven E,LESLIE Stre, ,Major Arterial,North York,43.79004538,-79.36809029,Intersection,At Intersection,Traffic Signal,Clear,Daylight,Dry,Non-Fatal Injury,Cyclist Collisions,Passenger,20 to 24,None, , ,Other, , , , , , , , , , ,Yes,Yes, , ,, ,Yes, , , , , ,D33,Willowdale (24),24,49,Bayview Woods-Steeles (49),72
-79.36809029,43.790045379999988,4218163,990402,2007,2007-08-27T04:00:00.000Z,1441,14,FINCH Aven E,LESLIE Stre, ,Major Arterial,North York,43.79004538,-79.36809029,Intersection,At Intersection,Traffic Signal,Clear,Daylight,Dry,Non-Fatal Injury,Cyclist Collisions,Driver,30 to 34,None, ,East,"Automobile, Station Wagon",Going Ahead,Driving Properly,Normal, , , , , , , ,Yes,Yes, , ,, ,Yes, , , , , ,D33,Willowdale (24),24,49,Bayview Woods-Steeles (49),73
-79.36809029,43.790045379999988,4218164,990402,2007,2007-08-27T04:00:00.000Z,1441,14,FINCH Aven E,LESLIE Stre, ,Major Arterial,North York,43.79004538,-79.36809029,Intersection,At Intersection,Traffic Signal,Clear,Daylight,Dry,Non-Fatal Injury,Cyclist Collisions,Cyclist,70 to 74,Major, ,South,Bicycle,Going Ahead, , , , , ,"Cyclist without ROW rides into path of motorist at inter, lnwy, dwy-Cyclist not turn.",Disobeyed Traffic Control,Unknown, ,Yes,Yes, , ,, ,Yes, , , , , ,D33,Willowdale (24),24,49,Bayview Woods-Steeles (49),74
-79.48011408,43.72740515,80254239,5001841929,2015,2015-10-26T04:00:00.000Z,1510,15,WILSON AVE,JAMES FINLAY WAY, ,Major Arterial,North York,43.72740515,-79.48011408,Intersection,At Intersection,Traffic Signal,Clear,Daylight,Dry,Non-Fatal Injury,Cyclist Collisions,Driver,50 to 54,None, ,North,"Automobile, Station Wagon",Turning Right,Failed to Yield Right of Way,Normal, , , , , , , ,Yes,Yes, , ,, ,Yes, ,Yes, , , ,D31,York Centre (9),9,26,Downsview-Roding-CFB (26),75
-79.48011408,43.72740515,80254240,5001841929,2015,2015-10-26T04:00:00.000Z,1510,15,WILSON AVE,JAMES FINLAY WAY, ,Major Arterial,North York,43.72740515,-79.48011408,Intersection,At Intersection,Traffic Signal,Clear,Daylight,Dry,Non-Fatal Injury,Cyclist Collisions,Cyclist,20 to 24,Major, ,West,Bicycle,Going Ahead, , , , , ,Motorist turning right on red at signalized intersection strikes cyclist.,Driving Properly,Normal, ,Yes,Yes, , ,, ,Yes, ,Yes, , , ,D31,York Centre (9),9,26,Downsview-Roding-CFB (26),76
-79.48011408,43.72740515,80254241,5001841929,2015,2015-10-26T04:00:00.000Z,1510,15,WILSON AVE,JAMES FINLAY WAY, ,Major Arterial,North York,43.72740515,-79.48011408,Intersection,At Intersection,Traffic Signal,Clear,Daylight,Dry,Non-Fatal Injury,Cyclist Collisions,Passenger,20 to 24,None, , , , , , , , , , , , , ,Yes,Yes, , ,, ,Yes, ,Yes, , , ,D31,York Centre (9),9,26,Downsview-Roding-CFB (26),77
-79.40506373,43.68671377,80238702,5000804946,2015,2015-05-14T04:00:00.000Z,1538,15,DUNVEGAN RD,ST CLAIR AVE W, ,Local,Toronto East York,43.68671377,-79.40506373,Mid-Block,Non Intersection,No Control,Clear,Daylight,Dry,Non-Fatal Injury,Cyclist Collisions,Driver,45 to 49,None, ,South,"Automobile, Station Wagon",Turning Left,Improper Turn,Normal, , , , , , , ,Yes,Yes, , ,, ,Yes, , , , , ,D53,St. Paul's (22),22,96,Casa Loma (96),78
-79.40506373,43.68671377,80238703,5000804946,2015,2015-05-14T04:00:00.000Z,1538,15,DUNVEGAN RD,ST CLAIR AVE W, ,Local,Toronto East York,43.68671377,-79.40506373,Mid-Block,Non Intersection,No Control,Clear,Daylight,Dry,Non-Fatal Injury,Cyclist Collisions,Cyclist,20 to 24,Major, ,North,Bicycle,Going Ahead, , , , , ,Motorist turned left across cyclists path.,Driving Properly,Normal, ,Yes,Yes, , ,, ,Yes, , , , , ,D53,St. Paul's (22),22,96,Casa Loma (96),79
-79.40506373,43.68671377,80238704,5000804946,2015,2015-05-14T04:00:00.000Z,1538,15,DUNVEGAN RD,ST CLAIR AVE W, ,Local,Toronto East York,43.68671377,-79.40506373,Mid-Block,Non Intersection,No Control,Clear,Daylight,Dry,Non-Fatal Injury,Cyclist Collisions,Passenger,0 to 4,None, , , , , , , , , , , , , ,Yes,Yes, , ,, ,Yes, , , , , ,D53,St. Paul's (22),22,96,Casa Loma (96),80
-79.45850001,43.65112646,80494905,5002136221,2015,2015-12-13T05:00:00.000Z,1556,15,PARKSIDE DR,INDIAN VALLEY CRES, ,Major Arterial,Toronto East York,43.65112646,-79.45850001,Intersection,At Intersection,Traffic Signal,Rain,Daylight,Wet,Non-Fatal Injury,Cyclist Collisions,Driver,35 to 39,None, ,South,"Automobile, Station Wagon",Going Ahead,Following too Close,Normal, , , , , , , ,Yes,Yes, , ,, ,Yes, ,Yes, , , ,D11,Parkdale-High Park (14),14,87,High Park-Swansea (87),81
-79.45850001,43.65112646,80494906,5002136221,2015,2015-12-13T05:00:00.000Z,1556,15,PARKSIDE DR,INDIAN VALLEY CRES, ,Major Arterial,Toronto East York,43.65112646,-79.45850001,Intersection,At Intersection,Traffic Signal,Rain,Daylight,Wet,Non-Fatal Injury,Cyclist Collisions,Cyclist,25 to 29,Major, ,South,Bicycle,Stopped, , , , , ,Cyclist and Driver travelling in same direction. One vehicle rear-ended the other.,Driving Properly,Normal, ,Yes,Yes, , ,, ,Yes, ,Yes, , , ,D11,Parkdale-High Park (14),14,87,High Park-Swansea (87),82
-79.45850001,43.65112646,80494907,5002136221,2015,2015-12-13T05:00:00.000Z,1556,15,PARKSIDE DR,INDIAN VALLEY CRES, ,Major Arterial,Toronto East York,43.65112646,-79.45850001,Intersection,At Intersection,Traffic Signal,Rain,Daylight,Wet,Non-Fatal Injury,Cyclist Collisions,Passenger,10 to 14,None, , , , , , , , , , , , , ,Yes,Yes, , ,, ,Yes, ,Yes, , , ,D11,Parkdale-High Park (14),14,87,High Park-Swansea (87),83
-79.45850001,43.65112646,80494908,5002136221,2015,2015-12-13T05:00:00.000Z,1556,15,PARKSIDE DR,INDIAN VALLEY CRES, ,Major Arterial,Toronto East York,43.65112646,-79.45850001,Intersection,At Intersection,Traffic Signal,Rain,Daylight,Wet,Non-Fatal Injury,Cyclist Collisions,Passenger,10 to 14,None, , , , , , , , , , , , , ,Yes,Yes, , ,, ,Yes, ,Yes, , , ,D11,Parkdale-High Park (14),14,87,High Park-Swansea (87),84
-79.49798975,43.602344109999983,7864812,1376061,2013,2013-09-18T04:00:00.000Z,1634,16,LAKE SHORE BLVD W,DWIGHT AVE, ,Major Arterial,Etobicoke York,43.60234411,-79.49798975,Intersection, ,No Control,Clear,Daylight,Dry,Fatal,Cyclist Collisions,Passenger,unknown,None, , , ,Other, , , , , , , , , ,Yes,Yes, , ,, ,Yes, , , , , ,D22,Etobicoke-Lakeshore (6),6,18,New Toronto (18),85
-79.49798975,43.602344109999983,7864813,1376061,2013,2013-09-18T04:00:00.000Z,1634,16,LAKE SHORE BLVD W,DWIGHT AVE, ,Major Arterial,Etobicoke York,43.60234411,-79.49798975,Intersection, ,No Control,Clear,Daylight,Dry,Fatal,Cyclist Collisions,Driver,60 to 64,None, ,East,"Automobile, Station Wagon",Going Ahead,Driving Properly,Normal, , , , , , , ,Yes,Yes, , ,, ,Yes, , , , , ,D22,Etobicoke-Lakeshore (6),6,18,New Toronto (18),86
-79.49798975,43.602344109999983,7864814,1376061,2013,2013-09-18T04:00:00.000Z,1634,16,LAKE SHORE BLVD W,DWIGHT AVE, ,Major Arterial,Etobicoke York,43.60234411,-79.49798975,Intersection, ,No Control,Clear,Daylight,Dry,Fatal,Cyclist Collisions,Cyclist,50 to 54,Fatal,41,West,Bicycle,Unknown, , , , , ,"Cyclist without ROW rides into path of motorist at inter, lnwy, dwy-Cyclist not turn.",Lost control,Unknown, ,Yes,Yes, , ,, ,Yes, , , , , ,D22,Etobicoke-Lakeshore (6),6,18,New Toronto (18),87
-79.34077845,43.65351446,80251330,5001652822,2015,2015-09-23T04:00:00.000Z,1715,17,BOOTH AVE,LAKE SHORE BLVD E,1 m North of,Major Arterial,Toronto East York,43.65351446,-79.34077845,Intersection,At Intersection,Stop Sign,Clear,Daylight,Dry,Non-Fatal Injury,Cyclist Collisions,Driver,60 to 64,None, ,South,"Automobile, Station Wagon",Turning Right,Failed to Yield Right of Way,Inattentive, , , , , , , ,Yes,Yes, , ,, ,Yes, ,Yes, , , ,D55,Toronto-Danforth (30),30,70,South Riverdale (70),88
-79.34077845,43.65351446,80251331,5001652822,2015,2015-09-23T04:00:00.000Z,1715,17,BOOTH AVE,LAKE SHORE BLVD E,1 m North of,Major Arterial,Toronto East York,43.65351446,-79.34077845,Intersection,At Intersection,Stop Sign,Clear,Daylight,Dry,Non-Fatal Injury,Cyclist Collisions,Cyclist,40 to 44,Major, ,East,Bicycle,Going Ahead, , , , , ,"Motorist turns right at non-signal Inter.(stop, yield, no cont.,and dwy) and strikes cyclist.",Driving Properly,Normal, ,Yes,Yes, , ,, ,Yes, ,Yes, , , ,D55,Toronto-Danforth (30),30,70,South Riverdale (70),89
-79.34077845,43.65351446,80251332,5001652822,2015,2015-09-23T04:00:00.000Z,1715,17,BOOTH AVE,LAKE SHORE BLVD E,1 m North of,Major Arterial,Toronto East York,43.65351446,-79.34077845,Intersection,At Intersection,Stop Sign,Clear,Daylight,Dry,Non-Fatal Injury,Cyclist Collisions,Passenger,65 to 69,None, , , , , , , , , , , , , ,Yes,Yes, , ,, ,Yes, ,Yes, , , ,D55,Toronto-Danforth (30),30,70,South Riverdale (70),90
-79.41356287,43.7719837,80213502,4002496866,2014,2014-07-14T04:00:00.000Z,1716,17,YONGE ST,ELLERSLIE AVE, ,Major Arterial,North York,43.7719837,-79.41356287,Intersection,At Intersection,No Control,Clear,Daylight,Dry,Non-Fatal Injury,Turning Movement,Driver,35 to 39,None, ,North,"Automobile, Station Wagon",Turning Left,Failed to Yield Right of Way,Normal, , , , , , , ,Yes,Yes, , ,, ,Yes, ,Yes, , , ,D32,Willowdale (23),23,51,Willowdale East (51),91
-79.41356287,43.7719837,80213503,4002496866,2014,2014-07-14T04:00:00.000Z,1716,17,YONGE ST,ELLERSLIE AVE, ,Major Arterial,North York,43.7719837,-79.41356287,Intersection,At Intersection,No Control,Clear,Daylight,Dry,Non-Fatal Injury,Turning Movement,Moped Driver,40 to 44,Major, ,South,Moped,Going Ahead,Driving Properly,Normal, , , , , , , ,Yes,Yes, , ,, ,Yes, ,Yes, , , ,D32,Willowdale (23),23,51,Willowdale East (51),92
-79.41356287,43.7719837,80213504,4002496866,2014,2014-07-14T04:00:00.000Z,1716,17,YONGE ST,ELLERSLIE AVE, ,Major Arterial,North York,43.7719837,-79.41356287,Intersection,At Intersection,No Control,Clear,Daylight,Dry,Non-Fatal Injury,Turning Movement,Passenger,5 to 9,None, , , , , , , , , , , , , ,Yes,Yes, , ,, ,Yes, ,Yes, , , ,D32,Willowdale (23),23,51,Willowdale East (51),93
-79.41356287,43.7719837,80213505,4002496866,2014,2014-07-14T04:00:00.000Z,1716,17,YONGE ST,ELLERSLIE AVE, ,Major Arterial,North York,43.7719837,-79.41356287,Intersection,At Intersection,No Control,Clear,Daylight,Dry,Non-Fatal Injury,Turning Movement,Passenger,5 to 9,None, , , , , , , , , , , , , ,Yes,Yes, , ,, ,Yes, ,Yes, , , ,D32,Willowdale (23),23,51,Willowdale East (51),94
-79.43539029,43.65984538,7441187,1305359,2012,2012-06-05T04:00:00.000Z,1725,17,BLOOR ST W,DUFFERIN ST, ,Major Arterial,Toronto East York,43.65984538,-79.43539029,Intersection, ,Traffic Signal,Clear,Daylight,Dry,Non-Fatal Injury,Cyclist Collisions,Passenger,unknown,None, , ,Other, , , , , , , , , , ,Yes,Yes, , ,, ,Yes, , , , , ,D11,Davenport (18),18,83,Dufferin Grove (83),95
-79.43539029,43.65984538,7441188,1305359,2012,2012-06-05T04:00:00.000Z,1725,17,BLOOR ST W,DUFFERIN ST, ,Major Arterial,Toronto East York,43.65984538,-79.43539029,Intersection, ,Traffic Signal,Clear,Daylight,Dry,Non-Fatal Injury,Cyclist Collisions,Passenger,unknown,None, , ,Other, , , , , , , , , , ,Yes,Yes, , ,, ,Yes, , , , , ,D11,Davenport (18),18,83,Dufferin Grove (83),96
-79.43539029,43.65984538,7441189,1305359,2012,2012-06-05T04:00:00.000Z,1725,17,BLOOR ST W,DUFFERIN ST, ,Major Arterial,Toronto East York,43.65984538,-79.43539029,Intersection, ,Traffic Signal,Clear,Daylight,Dry,Non-Fatal Injury,Cyclist Collisions,Vehicle Owner,unknown, , , ,Other, , , , , , , , , , ,Yes,Yes, , ,, ,Yes, , , , , ,D11,Davenport (18),18,83,Dufferin Grove (83),97
-79.43539029,43.65984538,7441190,1305359,2012,2012-06-05T04:00:00.000Z,1725,17,BLOOR ST W,DUFFERIN ST, ,Major Arterial,Toronto East York,43.65984538,-79.43539029,Intersection, ,Traffic Signal,Clear,Daylight,Dry,Non-Fatal Injury,Cyclist Collisions,Driver,50 to 54,None, ,West,"Automobile, Station Wagon",Stopped,Other,Normal, , , , , , , ,Yes,Yes, , ,, ,Yes, , , , , ,D11,Davenport (18),18,83,Dufferin Grove (83),98
-79.43539029,43.65984538,7441191,1305359,2012,2012-06-05T04:00:00.000Z,1725,17,BLOOR ST W,DUFFERIN ST, ,Major Arterial,Toronto East York,43.65984538,-79.43539029,Intersection, ,Traffic Signal,Clear,Daylight,Dry,Non-Fatal Injury,Cyclist Collisions,Cyclist,35 to 39,Major, ,West,Bicycle,Going Ahead, , , , , ,Cyclist struck opened vehicle door,Driving Properly,Normal, ,Yes,Yes, , ,, ,Yes, , , , , ,D11,Davenport (18),18,83,Dufferin Grove (83),99
-79.34218989,43.679412439999979,80770489,7001157981,2017,2017-06-28T04:00:00.000Z,1800,18,DANFORTH AVE,WOODYCREST AVE,33 m West of,Major Arterial,Toronto East York,43.67941244,-79.34218989,Mid-Block,At/Near Private Drive,No Control,Clear,Daylight,Dry,Non-Fatal Injury,Cyclist Collisions,Driver,35 to 39,None, ,West,"Automobile, Station Wagon",Turning Left,Improper Turn,Inattentive, , , , , , , ,Yes,Yes, , ,, ,Yes, , , , , ,D55,Toronto-Danforth (30),30,69,Blake-Jones (69),100
-79.34218989,43.679412439999979,80770490,7001157981,2017,2017-06-28T04:00:00.000Z,1800,18,DANFORTH AVE,WOODYCREST AVE,33 m West of,Major Arterial,Toronto East York,43.67941244,-79.34218989,Mid-Block,At/Near Private Drive,No Control,Clear,Daylight,Dry,Non-Fatal Injury,Cyclist Collisions,Cyclist,35 to 39,Major, ,East,Bicycle,Going Ahead, , , , , ,Motorist turned left across cyclists path.,Driving Properly,Normal, ,Yes,Yes, , ,, ,Yes, , , , , ,D55,Toronto-Danforth (30),30,69,Blake-Jones (69),101
-79.34218989,43.679412439999979,80770491,7001157981,2017,2017-06-28T04:00:00.000Z,1800,18,DANFORTH AVE,WOODYCREST AVE,33 m West of,Major Arterial,Toronto East York,43.67941244,-79.34218989,Mid-Block,At/Near Private Drive,No Control,Clear,Daylight,Dry,Non-Fatal Injury,Cyclist Collisions,Passenger,0 to 4,None, , , , , , , , , , , , , ,Yes,Yes, , ,, ,Yes, , , , , ,D55,Toronto-Danforth (30),30,69,Blake-Jones (69),102
-79.34218989,43.679412439999979,80770492,7001157981,2017,2017-06-28T04:00:00.000Z,1800,18,DANFORTH AVE,WOODYCREST AVE,33 m West of,Major Arterial,Toronto East York,43.67941244,-79.34218989,Mid-Block,At/Near Private Drive,No Control,Clear,Daylight,Dry,Non-Fatal Injury,Cyclist Collisions,Passenger,0 to 4,None, , , , , , , , , , , , , ,Yes,Yes, , ,, ,Yes, , , , , ,D55,Toronto-Danforth (30),30,69,Blake-Jones (69),103
-79.403827770000021,43.66658362,80784057,7001781629,2017,2017-10-01T04:00:00.000Z,1815,18,BLOOR ST W,SPADINA AVE, ,Major Arterial,Toronto East York,43.66658362,-79.40382777,Intersection,At Intersection,Traffic Signal,Clear,Daylight,Dry,Non-Fatal Injury,Cyclist Collisions,Cyclist,20 to 24,Major, ,East,Bicycle,Overtaking, , , , , ,Motorist turning right on green or amber at signalized intersection strikes cyclist.,Failed to Yield Right of Way,Inattentive, ,Yes, , ,Yes,, ,Yes, , , , , ,D14,Trinity-Spadina (20),20,79,University (79),104
-79.403827770000021,43.66658362,80784058,7001781629,2017,2017-10-01T04:00:00.000Z,1815,18,BLOOR ST W,SPADINA AVE, ,Major Arterial,Toronto East York,43.66658362,-79.40382777,Intersection,At Intersection,Traffic Signal,Clear,Daylight,Dry,Non-Fatal Injury,Cyclist Collisions,Truck Driver,25 to 29,None, ,East,Truck - Open,Turning Right,Driving Properly,Normal, , , , , , , ,Yes, , ,Yes,, ,Yes, , , , , ,D14,Trinity-Spadina (20),20,79,University (79),105
-79.403827770000021,43.66658362,80784059,7001781629,2017,2017-10-01T04:00:00.000Z,1815,18,BLOOR ST W,SPADINA AVE, ,Major Arterial,Toronto East York,43.66658362,-79.40382777,Intersection,At Intersection,Traffic Signal,Clear,Daylight,Dry,Non-Fatal Injury,Cyclist Collisions,Passenger,20 to 24,None, , , , , , , , , , , , , ,Yes, , ,Yes,, ,Yes, , , , , ,D14,Trinity-Spadina (20),20,79,University (79),106
-79.403827770000021,43.66658362,80784060,7001781629,2017,2017-10-01T04:00:00.000Z,1815,18,BLOOR ST W,SPADINA AVE, ,Major Arterial,Toronto East York,43.66658362,-79.40382777,Intersection,At Intersection,Traffic Signal,Clear,Daylight,Dry,Non-Fatal Injury,Cyclist Collisions,Passenger,20 to 24,None, , , , , , , , , , , , , ,Yes, , ,Yes,, ,Yes, , , , , ,D14,Trinity-Spadina (20),20,79,University (79),107
-79.36649029,43.66064538,5252135,1110181,2009,2009-06-19T04:00:00.000Z,1844,18,PARLIAMENT ST,OAK ST, ,Minor Arterial,Toronto East York,43.66064538,-79.36649029,Intersection,At Intersection,Pedestrian Crossover,Clear,Daylight,Dry,Non-Fatal Injury,Cyclist Collisions,Passenger,30 to 34,None, , ,Other, , , , , , , , , , ,Yes,Yes, , ,, ,Yes, ,Yes, , , ,D51,Toronto Centre-Rosedale (28),28,72,Regent Park (72),108
-79.36649029,43.66064538,5252136,1110181,2009,2009-06-19T04:00:00.000Z,1844,18,PARLIAMENT ST,OAK ST, ,Minor Arterial,Toronto East York,43.66064538,-79.36649029,Intersection,At Intersection,Pedestrian Crossover,Clear,Daylight,Dry,Non-Fatal Injury,Cyclist Collisions,Driver,25 to 29,None, ,South,"Automobile, Station Wagon",Going Ahead,Disobeyed Traffic Control,Inattentive, , , , , , , ,Yes,Yes, , ,, ,Yes, ,Yes, , , ,D51,Toronto Centre-Rosedale (28),28,72,Regent Park (72),109
-79.36649029,43.66064538,5252137,1110181,2009,2009-06-19T04:00:00.000Z,1844,18,PARLIAMENT ST,OAK ST, ,Minor Arterial,Toronto East York,43.66064538,-79.36649029,Intersection,At Intersection,Pedestrian Crossover,Clear,Daylight,Dry,Non-Fatal Injury,Cyclist Collisions,Cyclist,5 to 9,Major, ,West,Bicycle,Going Ahead, , , , , ,Cyclist struck at PXO(cyclist either travel in same dir. as veh. or ride across xwalk),Other,Normal, ,Yes,Yes, , ,, ,Yes, ,Yes, , , ,D51,Toronto Centre-Rosedale (28),28,72,Regent Park (72),110
-79.595607859999987,43.71725805,80178884,4003213460,2014,2014-10-31T04:00:00.000Z,1845,18,REXDALE BLVD,HIGHWAY 27  S, ,Major Arterial,Etobicoke York,43.71725805,-79.59560786,Intersection,At Intersection,Traffic Signal,Rain,"Dark, artificial",Wet,Non-Fatal Injury,Cyclist Collisions,Driver,25 to 29,None, ,East,"Automobile, Station Wagon",Going Ahead,Driving Properly,Normal, , , , , , , ,Yes,Yes, , ,, ,Yes, , , , , ,D23,Etobicoke North (2),2,1,West Humber-Clairville (1),111
-79.595607859999987,43.71725805,80178885,4003213460,2014,2014-10-31T04:00:00.000Z,1845,18,REXDALE BLVD,HIGHWAY 27  S, ,Major Arterial,Etobicoke York,43.71725805,-79.59560786,Intersection,At Intersection,Traffic Signal,Rain,"Dark, artificial",Wet,Non-Fatal Injury,Cyclist Collisions,Passenger,30 to 34,None, , , , , , , , , , , , , ,Yes,Yes, , ,, ,Yes, , , , , ,D23,Etobicoke North (2),2,1,West Humber-Clairville (1),112
-79.595607859999987,43.71725805,80178886,4003213460,2014,2014-10-31T04:00:00.000Z,1845,18,REXDALE BLVD,HIGHWAY 27  S, ,Major Arterial,Etobicoke York,43.71725805,-79.59560786,Intersection,At Intersection,Traffic Signal,Rain,"Dark, artificial",Wet,Non-Fatal Injury,Cyclist Collisions,Passenger,10 to 14,None, , , , , , , , , , , , , ,Yes,Yes, , ,, ,Yes, , , , , ,D23,Etobicoke North (2),2,1,West Humber-Clairville (1),113
-79.595607859999987,43.71725805,80178887,4003213460,2014,2014-10-31T04:00:00.000Z,1845,18,REXDALE BLVD,HIGHWAY 27  S, ,Major Arterial,Etobicoke York,43.71725805,-79.59560786,Intersection,At Intersection,Traffic Signal,Rain,"Dark, artificial",Wet,Non-Fatal Injury,Cyclist Collisions,Passenger,10 to 14,None, , , , , , , , , , , , , ,Yes,Yes, , ,, ,Yes, , , , , ,D23,Etobicoke North (2),2,1,West Humber-Clairville (1),114
-79.595607859999987,43.71725805,80178888,4003213460,2014,2014-10-31T04:00:00.000Z,1845,18,REXDALE BLVD,HIGHWAY 27  S, ,Major Arterial,Etobicoke York,43.71725805,-79.59560786,Intersection,At Intersection,Traffic Signal,Rain,"Dark, artificial",Wet,Non-Fatal Injury,Cyclist Collisions,Passenger,5 to 9,None, , , , , , , , , , , , , ,Yes,Yes, , ,, ,Yes, , , , , ,D23,Etobicoke North (2),2,1,West Humber-Clairville (1),115
-79.595607859999987,43.71725805,80178889,4003213460,2014,2014-10-31T04:00:00.000Z,1845,18,REXDALE BLVD,HIGHWAY 27  S, ,Major Arterial,Etobicoke York,43.71725805,-79.59560786,Intersection,At Intersection,Traffic Signal,Rain,"Dark, artificial",Wet,Non-Fatal Injury,Cyclist Collisions,Cyclist,75 to 79,Major, ,East,Bicycle,Unknown, , , , , ,Cyclist and Driver travelling in same direction. One vehicle sideswipes the other.,Other,Normal, ,Yes,Yes, , ,, ,Yes, , , , , ,D23,Etobicoke North (2),2,1,West Humber-Clairville (1),116
-79.28389368000002,43.77314718,7808065,1351606,2013,2013-04-13T04:00:00.000Z,1846,18,KENNEDY RD,401 C E KENNEDY RAMP RD E, ,Major Arterial,Scarborough,43.77314718,-79.28389368,Intersection,At Intersection,Traffic Signal,Clear,Dusk,Dry,Fatal,Cyclist Collisions,Driver,40 to 44,None, ,South,"Automobile, Station Wagon",Going Ahead,Driving Properly,Normal, , , , , , , ,Yes,Yes, , ,, ,Yes,Yes,Yes,Yes,Yes, ,D41,Scarborough-Agincourt (40),40,126,Dorset Park (126),117
-79.28389368000002,43.77314718,7808066,1351606,2013,2013-04-13T04:00:00.000Z,1846,18,KENNEDY RD,401 C E KENNEDY RAMP RD E, ,Major Arterial,Scarborough,43.77314718,-79.28389368,Intersection,At Intersection,Traffic Signal,Clear,Dusk,Dry,Fatal,Cyclist Collisions,Driver,75 to 79,None, ,South,"Automobile, Station Wagon",Going Ahead,Driving Properly,Normal, , , , , , , ,Yes,Yes, , ,, ,Yes,Yes,Yes,Yes,Yes, ,D41,Scarborough-Agincourt (40),40,126,Dorset Park (126),118
-79.28389368000002,43.77314718,7808067,1351606,2013,2013-04-13T04:00:00.000Z,1846,18,KENNEDY RD,401 C E KENNEDY RAMP RD E, ,Major Arterial,Scarborough,43.77314718,-79.28389368,Intersection,At Intersection,Traffic Signal,Clear,Dusk,Dry,Fatal,Cyclist Collisions,Passenger,20 to 24,Minimal, , , , , , , , , , , , , ,Yes,Yes, , ,, ,Yes,Yes,Yes,Yes,Yes, ,D41,Scarborough-Agincourt (40),40,126,Dorset Park (126),119
-79.28389368000002,43.77314718,7808068,1351606,2013,2013-04-13T04:00:00.000Z,1846,18,KENNEDY RD,401 C E KENNEDY RAMP RD E, ,Major Arterial,Scarborough,43.77314718,-79.28389368,Intersection,At Intersection,Traffic Signal,Clear,Dusk,Dry,Fatal,Cyclist Collisions,Passenger,20 to 24,Minor, , , , , , , , , , , , , ,Yes,Yes, , ,, ,Yes,Yes,Yes,Yes,Yes, ,D41,Scarborough-Agincourt (40),40,126,Dorset Park (126),120
-79.28389368000002,43.77314718,7808069,1351606,2013,2013-04-13T04:00:00.000Z,1846,18,KENNEDY RD,401 C E KENNEDY RAMP RD E, ,Major Arterial,Scarborough,43.77314718,-79.28389368,Intersection,At Intersection,Traffic Signal,Clear,Dusk,Dry,Fatal,Cyclist Collisions,Driver,20 to 24,Minor, ,North,"Automobile, Station Wagon",Stopped,Driving Properly,Normal, , , , , , , ,Yes,Yes, , ,, ,Yes,Yes,Yes,Yes,Yes, ,D41,Scarborough-Agincourt (40),40,126,Dorset Park (126),121
-79.28389368000002,43.77314718,7808070,1351606,2013,2013-04-13T04:00:00.000Z,1846,18,KENNEDY RD,401 C E KENNEDY RAMP RD E, ,Major Arterial,Scarborough,43.77314718,-79.28389368,Intersection,At Intersection,Traffic Signal,Clear,Dusk,Dry,Fatal,Cyclist Collisions,Driver,45 to 49,None, ,East,"Automobile, Station Wagon",Going Ahead,Disobeyed Traffic Control,"Ability Impaired, Alcohol Over .08", , , , , , , ,Yes,Yes, , ,, ,Yes,Yes,Yes,Yes,Yes, ,D41,Scarborough-Agincourt (40),40,126,Dorset Park (126),122
-79.28389368000002,43.77314718,7808071,1351606,2013,2013-04-13T04:00:00.000Z,1846,18,KENNEDY RD,401 C E KENNEDY RAMP RD E, ,Major Arterial,Scarborough,43.77314718,-79.28389368,Intersection,At Intersection,Traffic Signal,Clear,Dusk,Dry,Fatal,Cyclist Collisions,Driver,25 to 29,Minor, ,South,"Automobile, Station Wagon",Going Ahead,Driving Properly,Normal, , , , , , , ,Yes,Yes, , ,, ,Yes,Yes,Yes,Yes,Yes, ,D41,Scarborough-Agincourt (40),40,126,Dorset Park (126),123
-79.28389368000002,43.77314718,7808072,1351606,2013,2013-04-13T04:00:00.000Z,1846,18,KENNEDY RD,401 C E KENNEDY RAMP RD E, ,Major Arterial,Scarborough,43.77314718,-79.28389368,Intersection,At Intersection,Traffic Signal,Clear,Dusk,Dry,Fatal,Cyclist Collisions,Passenger,50 to 54,Major, , , , , , , , , , , , , ,Yes,Yes, , ,, ,Yes,Yes,Yes,Yes,Yes, ,D41,Scarborough-Agincourt (40),40,126,Dorset Park (126),124
-79.28389368000002,43.77314718,7808073,1351606,2013,2013-04-13T04:00:00.000Z,1846,18,KENNEDY RD,401 C E KENNEDY RAMP RD E, ,Major Arterial,Scarborough,43.77314718,-79.28389368,Intersection,At Intersection,Traffic Signal,Clear,Dusk,Dry,Fatal,Cyclist Collisions,Driver,25 to 29,None, ,South,"Automobile, Station Wagon",Going Ahead,Driving Properly,Normal, , , , , , , ,Yes,Yes, , ,, ,Yes,Yes,Yes,Yes,Yes, ,D41,Scarborough-Agincourt (40),40,126,Dorset Park (126),125
-79.28389368000002,43.77314718,7808074,1351606,2013,2013-04-13T04:00:00.000Z,1846,18,KENNEDY RD,401 C E KENNEDY RAMP RD E, ,Major Arterial,Scarborough,43.77314718,-79.28389368,Intersection,At Intersection,Traffic Signal,Clear,Dusk,Dry,Fatal,Cyclist Collisions,Cyclist,35 to 39,Fatal,10,North,Bicycle,Going Ahead, , , , , ,"Motorist without ROW drives into path of cyclist at inter, lnwy, dwy-Driver not turn.",Driving Properly,Unknown, ,Yes,Yes, , ,, ,Yes,Yes,Yes,Yes,Yes, ,D41,Scarborough-Agincourt (40),40,126,Dorset Park (126),126
-79.424739939999981,43.64942892,80164617,4002366263,2014,2014-06-19T04:00:00.000Z,1930,19,DUNDAS ST W,DOVERCOURT RD, ,Minor Arterial,Toronto East York,43.64942892,-79.42473994,Intersection,Non Intersection,No Control,Clear,Daylight,Dry,Non-Fatal Injury,Cyclist Collisions,Passenger,25 to 29,None, , , , , , , , , , , , , ,Yes,Yes, , ,, ,Yes, ,Yes, , , ,D14,Trinity-Spadina (19),19,81,Trinity-Bellwoods (81),127
-79.424739939999981,43.64942892,80164618,4002366263,2014,2014-06-19T04:00:00.000Z,1930,19,DUNDAS ST W,DOVERCOURT RD, ,Minor Arterial,Toronto East York,43.64942892,-79.42473994,Intersection,Non Intersection,No Control,Clear,Daylight,Dry,Non-Fatal Injury,Cyclist Collisions,Driver,20 to 24,None, ,West,"Automobile, Station Wagon",Turning Left,Failed to Yield Right of Way,Normal, , , , , , , ,Yes,Yes, , ,, ,Yes, ,Yes, , , ,D14,Trinity-Spadina (19),19,81,Trinity-Bellwoods (81),128
-79.424739939999981,43.64942892,80164619,4002366263,2014,2014-06-19T04:00:00.000Z,1930,19,DUNDAS ST W,DOVERCOURT RD, ,Minor Arterial,Toronto East York,43.64942892,-79.42473994,Intersection,Non Intersection,No Control,Clear,Daylight,Dry,Non-Fatal Injury,Cyclist Collisions,Cyclist,25 to 29,Major, ,East,Bicycle,Going Ahead, , , , , ,Motorist turned left across cyclists path.,Driving Properly,Normal, ,Yes,Yes, , ,, ,Yes, ,Yes, , , ,D14,Trinity-Spadina (19),19,81,Trinity-Bellwoods (81),129
-79.40209589,43.66304358,80207051,4001910374,2014,2014-04-08T04:00:00.000Z,1955,19,HARBORD ST,SPADINA AVE,25 m East of,Minor Arterial,Toronto East York,43.66304358,-79.40209589,Intersection,Non Intersection,No Control,Other,Daylight,Dry,Non-Fatal Injury,Cyclist Collisions,Driver,20 to 24,None, ,East,"Automobile, Station Wagon",Parked,Other,Unknown, , , , , , , ,Yes,Yes, , ,, ,Yes, , , , , ,D52,Trinity-Spadina (20),20,79,University (79),130
-79.40209589,43.66304358,80207052,4001910374,2014,2014-04-08T04:00:00.000Z,1955,19,HARBORD ST,SPADINA AVE,25 m East of,Minor Arterial,Toronto East York,43.66304358,-79.40209589,Intersection,Non Intersection,No Control,Other,Daylight,Dry,Non-Fatal Injury,Cyclist Collisions,Cyclist,20 to 24,Major, ,East,Bicycle,Going Ahead, , , , , ,Cyclist struck opened vehicle door,Driving Properly,Normal, ,Yes,Yes, , ,, ,Yes, , , , , ,D52,Trinity-Spadina (20),20,79,University (79),131
-79.40209589,43.66304358,80207053,4001910374,2014,2014-04-08T04:00:00.000Z,1955,19,HARBORD ST,SPADINA AVE,25 m East of,Minor Arterial,Toronto East York,43.66304358,-79.40209589,Intersection,Non Intersection,No Control,Other,Daylight,Dry,Non-Fatal Injury,Cyclist Collisions,Passenger,50 to 54,None, , , , , , , , , , , , , ,Yes,Yes, , ,, ,Yes, , , , , ,D52,Trinity-Spadina (20),20,79,University (79),132
-79.39558802,43.64894446,7812849,1353734,2013,2013-04-04T04:00:00.000Z,2000,20,QUEEN St W,SPADINA Ave, ,Major Arterial,Toronto East York,43.64894446,-79.39558802,Mid-Block, ,No Control,Clear,"Dusk, artificial",Dry,Non-Fatal Injury,Approaching,Vehicle Owner,unknown, , , , , , , , , , , , , , ,Yes, , , ,, ,Yes, , , , , ,D52,Trinity-Spadina (20),20,78,Kensington-Chinatown (78),133
-79.39558802,43.64894446,7812850,1353734,2013,2013-04-04T04:00:00.000Z,2000,20,QUEEN St W,SPADINA Ave, ,Major Arterial,Toronto East York,43.64894446,-79.39558802,Mid-Block, ,No Control,Clear,"Dusk, artificial",Dry,Non-Fatal Injury,Approaching,Driver,25 to 29,None, ,West,Street Car,Going Ahead,Driving Properly,Normal, , , , , , , ,Yes, , , ,, ,Yes, , , , , ,D52,Trinity-Spadina (20),20,78,Kensington-Chinatown (78),134
-79.39558802,43.64894446,7812851,1353734,2013,2013-04-04T04:00:00.000Z,2000,20,QUEEN St W,SPADINA Ave, ,Major Arterial,Toronto East York,43.64894446,-79.39558802,Mid-Block, ,No Control,Clear,"Dusk, artificial",Dry,Non-Fatal Injury,Approaching,Passenger,55 to 59,Minor, , , , , , , , , , , , , ,Yes, , , ,, ,Yes, , , , , ,D52,Trinity-Spadina (20),20,78,Kensington-Chinatown (78),135
-79.39558802,43.64894446,7812852,1353734,2013,2013-04-04T04:00:00.000Z,2000,20,QUEEN St W,SPADINA Ave, ,Major Arterial,Toronto East York,43.64894446,-79.39558802,Mid-Block, ,No Control,Clear,"Dusk, artificial",Dry,Non-Fatal Injury,Approaching,Moped Driver,55 to 59,Major, ,East,Moped,Going Ahead, , , , , , , , , ,Yes, , , ,, ,Yes, , , , , ,D52,Trinity-Spadina (20),20,78,Kensington-Chinatown (78),136
-79.51259029,43.72824538,5374506,1044949,2008,2008-06-25T04:00:00.000Z,2040,20,136 NEAMES CRES, , ,Local,Etobicoke York,43.72824538,-79.51259029,Mid-Block, ,No Control,Clear,Daylight,Dry,Non-Fatal Injury,Cyclist Collisions,Passenger,35 to 39,None, , ,Other, , , , , , , , , , ,Yes,Yes, , ,, ,Yes, , , , , ,D31,York West (7),7,26,Downsview-Roding-CFB (26),137
-79.51259029,43.72824538,5374507,1044949,2008,2008-06-25T04:00:00.000Z,2040,20,136 NEAMES CRES, , ,Local,Etobicoke York,43.72824538,-79.51259029,Mid-Block, ,No Control,Clear,Daylight,Dry,Non-Fatal Injury,Cyclist Collisions,Driver,35 to 39,None, ,North,"Automobile, Station Wagon",Going Ahead,Driving Properly,Normal, , , , , , , ,Yes,Yes, , ,, ,Yes, , , , , ,D31,York West (7),7,26,Downsview-Roding-CFB (26),138
-79.51259029,43.72824538,5374508,1044949,2008,2008-06-25T04:00:00.000Z,2040,20,136 NEAMES CRES, , ,Local,Etobicoke York,43.72824538,-79.51259029,Mid-Block, ,No Control,Clear,Daylight,Dry,Non-Fatal Injury,Cyclist Collisions,Cyclist,5 to 9,Major, ,South,Bicycle,Going Ahead, , , , , ,Insufficient information (to determine cyclist crash type).,Other,Inattentive, ,Yes,Yes, , ,, ,Yes, , , , , ,D31,York West (7),7,26,Downsview-Roding-CFB (26),139
-79.43539029,43.65984538,7441253,1305383,2012,2012-06-05T04:00:00.000Z,2045,20,DUFFERIN ST,BLOOR ST W, ,Major Arterial,Toronto East York,43.65984538,-79.43539029,Intersection,At Intersection,Traffic Signal,Clear,Dusk,Dry,Non-Fatal Injury,Cyclist Collisions,Driver,25 to 29,None, ,North,"Automobile, Station Wagon",Going Ahead,Driving Properly,Normal, , , , , , , ,Yes,Yes, , ,, ,Yes, , , , , ,D11,Davenport (18),18,83,Dufferin Grove (83),140
-79.43539029,43.65984538,7441254,1305383,2012,2012-06-05T04:00:00.000Z,2045,20,DUFFERIN ST,BLOOR ST W, ,Major Arterial,Toronto East York,43.65984538,-79.43539029,Intersection,At Intersection,Traffic Signal,Clear,Dusk,Dry,Non-Fatal Injury,Cyclist Collisions,Passenger,30 to 34,None, , ,Other, , , , , , , , , , ,Yes,Yes, , ,, ,Yes, , , , , ,D11,Davenport (18),18,83,Dufferin Grove (83),141
-79.43539029,43.65984538,7441255,1305383,2012,2012-06-05T04:00:00.000Z,2045,20,DUFFERIN ST,BLOOR ST W, ,Major Arterial,Toronto East York,43.65984538,-79.43539029,Intersection,At Intersection,Traffic Signal,Clear,Dusk,Dry,Non-Fatal Injury,Cyclist Collisions,Passenger,20 to 24,None, , ,Other, , , , , , , , , , ,Yes,Yes, , ,, ,Yes, , , , , ,D11,Davenport (18),18,83,Dufferin Grove (83),142
-79.43539029,43.65984538,7441256,1305383,2012,2012-06-05T04:00:00.000Z,2045,20,DUFFERIN ST,BLOOR ST W, ,Major Arterial,Toronto East York,43.65984538,-79.43539029,Intersection,At Intersection,Traffic Signal,Clear,Dusk,Dry,Non-Fatal Injury,Cyclist Collisions,Cyclist,20 to 24,Major, ,West,Bicycle,Going Ahead, , , , , ,"Cyclist without ROW rides into path of motorist at inter, lnwy, dwy-Cyclist not turn.",Disobeyed Traffic Control,Unknown, ,Yes,Yes, , ,, ,Yes, , , , , ,D11,Davenport (18),18,83,Dufferin Grove (83),143
-79.25279029,43.70394538,5285163,1124595,2009,2009-09-14T04:00:00.000Z,2103,21,KINGSTON RD,CLIFFSIDE DR, ,Major Arterial,Scarborough,43.70394538,-79.25279029,Intersection,At Intersection,Traffic Signal,Clear,Dark,Dry,Non-Fatal Injury,Cyclist Collisions,Driver,30 to 34,Minor, ,West,"Automobile, Station Wagon",Going Ahead,Driving Properly,Normal, , , , , , , ,Yes,Yes, , ,, ,Yes, , , , , ,D41,Scarborough Southwest (36),36,122,Birchcliffe-Cliffside (122),144
-79.25279029,43.70394538,5285164,1124595,2009,2009-09-14T04:00:00.000Z,2103,21,KINGSTON RD,CLIFFSIDE DR, ,Major Arterial,Scarborough,43.70394538,-79.25279029,Intersection,At Intersection,Traffic Signal,Clear,Dark,Dry,Non-Fatal Injury,Cyclist Collisions,Passenger,50 to 54,Minor, , ,Other,Other, , , , , , , , , ,Yes,Yes, , ,, ,Yes, , , , , ,D41,Scarborough Southwest (36),36,122,Birchcliffe-Cliffside (122),145
-79.25279029,43.70394538,5285165,1124595,2009,2009-09-14T04:00:00.000Z,2103,21,KINGSTON RD,CLIFFSIDE DR, ,Major Arterial,Scarborough,43.70394538,-79.25279029,Intersection,At Intersection,Traffic Signal,Clear,Dark,Dry,Non-Fatal Injury,Cyclist Collisions,Cyclist,45 to 49,Major, , ,Bicycle,Going Ahead, , , , , ,"Cyclist without ROW rides into path of motorist at inter, lnwy, dwy-Cyclist not turn.",Disobeyed Traffic Control,"Ability Impaired, Alcohol Over .80", ,Yes,Yes, , ,, ,Yes, , , , , ,D41,Scarborough Southwest (36),36,122,Birchcliffe-Cliffside (122),146
-79.316890289999989,43.821345380000011,7807807,1351458,2013,2013-04-12T04:00:00.000Z,2110,21,STEELES Ave E,BIRCHMOUNT Rd, ,Major Arterial,Scarborough,43.82134538,-79.31689029,Intersection,At Intersection,Traffic Signal,Clear,"Dark, artificial",Wet,Non-Fatal Injury,Cyclist Collisions,Driver,45 to 49,Minor, ,West,"Automobile, Station Wagon",Turning Left,Failed to Yield Right of Way,Normal, , , , , , , ,Yes,Yes, , ,, ,Yes, ,Yes, , , ,D42,Scarborough-Agincourt (39),39,116,Steeles (116),147
-79.316890289999989,43.821345380000011,7807808,1351458,2013,2013-04-12T04:00:00.000Z,2110,21,STEELES Ave E,BIRCHMOUNT Rd, ,Major Arterial,Scarborough,43.82134538,-79.31689029,Intersection,At Intersection,Traffic Signal,Clear,"Dark, artificial",Wet,Non-Fatal Injury,Cyclist Collisions,Passenger,25 to 29,Minimal, , ,Other, , , , , , , , , , ,Yes,Yes, , ,, ,Yes, ,Yes, , , ,D42,Scarborough-Agincourt (39),39,116,Steeles (116),148
-79.316890289999989,43.821345380000011,7807809,1351458,2013,2013-04-12T04:00:00.000Z,2110,21,STEELES Ave E,BIRCHMOUNT Rd, ,Major Arterial,Scarborough,43.82134538,-79.31689029,Intersection,At Intersection,Traffic Signal,Clear,"Dark, artificial",Wet,Non-Fatal Injury,Cyclist Collisions,Passenger,25 to 29,Minimal, , ,Other, , , , , , , , , , ,Yes,Yes, , ,, ,Yes, ,Yes, , , ,D42,Scarborough-Agincourt (39),39,116,Steeles (116),149
-79.316890289999989,43.821345380000011,7807810,1351458,2013,2013-04-12T04:00:00.000Z,2110,21,STEELES Ave E,BIRCHMOUNT Rd, ,Major Arterial,Scarborough,43.82134538,-79.31689029,Intersection,At Intersection,Traffic Signal,Clear,"Dark, artificial",Wet,Non-Fatal Injury,Cyclist Collisions,Driver,20 to 24,Minimal, ,East,"Automobile, Station Wagon",Going Ahead,Driving Properly,Normal, , , , , , , ,Yes,Yes, , ,, ,Yes, ,Yes, , , ,D42,Scarborough-Agincourt (39),39,116,Steeles (116),150
-79.316890289999989,43.821345380000011,7807811,1351458,2013,2013-04-12T04:00:00.000Z,2110,21,STEELES Ave E,BIRCHMOUNT Rd, ,Major Arterial,Scarborough,43.82134538,-79.31689029,Intersection,At Intersection,Traffic Signal,Clear,"Dark, artificial",Wet,Non-Fatal Injury,Cyclist Collisions,Cyclist,55 to 59,Major, ,East,Bicycle,Going Ahead, , , , , ,Insufficient information (to determine cyclist crash type).,Driving Properly,Normal, ,Yes,Yes, , ,, ,Yes, ,Yes, , , ,D42,Scarborough-Agincourt (39),39,116,Steeles (116),151
-79.34079371,43.66274603,6178401,1184180,2010,2010-07-09T04:00:00.000Z,2115,21,CARLAW Ave,COLGATE Ave, ,Minor Arterial,Toronto East York,43.66274603,-79.34079371,Mid-Block, ,No Control,Clear,Dark,Dry,Non-Fatal Injury,Sideswipe,Passenger,45 to 49,Minor, , , , , , , , , , , , , ,Yes,Yes, , ,, ,Yes, , , , , ,D55,Toronto-Danforth (30),30,70,South Riverdale (70),152
-79.34079371,43.66274603,6178402,1184180,2010,2010-07-09T04:00:00.000Z,2115,21,CARLAW Ave,COLGATE Ave, ,Minor Arterial,Toronto East York,43.66274603,-79.34079371,Mid-Block, ,No Control,Clear,Dark,Dry,Non-Fatal Injury,Sideswipe,Driver,45 to 49,None, ,North,"Automobile, Station Wagon",Parked,Other,Normal, , , , , , , ,Yes,Yes, , ,, ,Yes, , , , , ,D55,Toronto-Danforth (30),30,70,South Riverdale (70),153
-79.34079371,43.66274603,6178403,1184180,2010,2010-07-09T04:00:00.000Z,2115,21,CARLAW Ave,COLGATE Ave, ,Minor Arterial,Toronto East York,43.66274603,-79.34079371,Mid-Block, ,No Control,Clear,Dark,Dry,Non-Fatal Injury,Sideswipe,Vehicle Owner,unknown, , , , , , , , , , , , , , ,Yes,Yes, , ,, ,Yes, , , , , ,D55,Toronto-Danforth (30),30,70,South Riverdale (70),154
-79.34079371,43.66274603,6178404,1184180,2010,2010-07-09T04:00:00.000Z,2115,21,CARLAW Ave,COLGATE Ave, ,Minor Arterial,Toronto East York,43.66274603,-79.34079371,Mid-Block, ,No Control,Clear,Dark,Dry,Non-Fatal Injury,Sideswipe,Passenger,15 to 19,Major, , , , , , , , , , , , , ,Yes,Yes, , ,, ,Yes, , , , , ,D55,Toronto-Danforth (30),30,70,South Riverdale (70),155
-79.34079371,43.66274603,6178405,1184180,2010,2010-07-09T04:00:00.000Z,2115,21,CARLAW Ave,COLGATE Ave, ,Minor Arterial,Toronto East York,43.66274603,-79.34079371,Mid-Block, ,No Control,Clear,Dark,Dry,Non-Fatal Injury,Sideswipe,Moped Driver,15 to 19,None, ,North,Moped, , , , , , , , , , ,Yes,Yes, , ,, ,Yes, , , , , ,D55,Toronto-Danforth (30),30,70,South Riverdale (70),156
-79.40476618,43.66894873,80494517,5002105318,2015,2015-12-08T05:00:00.000Z,2115,21,LOWTHER AVE,SPADINA RD,5 m South of,Minor Arterial,Toronto East York,43.66894873,-79.40476618,Intersection,Intersection Related,Traffic Signal,Rain,"Dark, artificial",Wet,Non-Fatal Injury,Cyclist Collisions,Cyclist,20 to 24,Major, ,North,Bicycle,Turning Left, , , , , ,Cyclist turned left across motorists path.,Improper Turn,Normal, ,Yes,Yes, , ,, ,Yes, , , , , ,D53,Trinity-Spadina (20),20,95,Annex (95),157
-79.40476618,43.66894873,80494518,5002105318,2015,2015-12-08T05:00:00.000Z,2115,21,LOWTHER AVE,SPADINA RD,5 m South of,Minor Arterial,Toronto East York,43.66894873,-79.40476618,Intersection,Intersection Related,Traffic Signal,Rain,"Dark, artificial",Wet,Non-Fatal Injury,Cyclist Collisions,Driver,50 to 54,None, ,South,"Automobile, Station Wagon",Going Ahead,Driving Properly,Normal, , , , , , , ,Yes,Yes, , ,, ,Yes, , , , , ,D53,Trinity-Spadina (20),20,95,Annex (95),158
-79.40476618,43.66894873,80494519,5002105318,2015,2015-12-08T05:00:00.000Z,2115,21,LOWTHER AVE,SPADINA RD,5 m South of,Minor Arterial,Toronto East York,43.66894873,-79.40476618,Intersection,Intersection Related,Traffic Signal,Rain,"Dark, artificial",Wet,Non-Fatal Injury,Cyclist Collisions,Passenger,15 to 19,None, , , , , , , , , , , , , ,Yes,Yes, , ,, ,Yes, , , , , ,D53,Trinity-Spadina (20),20,95,Annex (95),159
-79.40476618,43.66894873,80494520,5002105318,2015,2015-12-08T05:00:00.000Z,2115,21,LOWTHER AVE,SPADINA RD,5 m South of,Minor Arterial,Toronto East York,43.66894873,-79.40476618,Intersection,Intersection Related,Traffic Signal,Rain,"Dark, artificial",Wet,Non-Fatal Injury,Cyclist Collisions,Passenger,10 to 14,None, , , , , , , , , , , , , ,Yes,Yes, , ,, ,Yes, , , , , ,D53,Trinity-Spadina (20),20,95,Annex (95),160
-79.563465220000012,43.65320929,80632054,6001283246,2016,2016-07-21T04:00:00.000Z,2127,21,THE EAST MALL,RATHBURN RD,137 m South of,Minor Arterial,Etobicoke York,43.65320929,-79.56346522,Mid-Block,Non Intersection,No Control,Clear,"Dark, artificial",Dry,Non-Fatal Injury,Cyclist Collisions,Driver,65 to 69,None, ,West,Passenger Van,Reversing,Other,Normal, , , , , , , ,Yes,Yes, , ,, ,Yes, , , , , ,D22,Etobicoke Centre (3),3,14,Islington-City Centre West (14),161
-79.563465220000012,43.65320929,80632055,6001283246,2016,2016-07-21T04:00:00.000Z,2127,21,THE EAST MALL,RATHBURN RD,137 m South of,Minor Arterial,Etobicoke York,43.65320929,-79.56346522,Mid-Block,Non Intersection,No Control,Clear,"Dark, artificial",Dry,Non-Fatal Injury,Cyclist Collisions,Cyclist,20 to 24,Major, ,South,Bicycle,Going Ahead, , , , , ,Motorist reversing struck cyclist.,Driving Properly,Other, ,Yes,Yes, , ,, ,Yes, , , , , ,D22,Etobicoke Centre (3),3,14,Islington-City Centre West (14),162
-79.563465220000012,43.65320929,80632056,6001283246,2016,2016-07-21T04:00:00.000Z,2127,21,THE EAST MALL,RATHBURN RD,137 m South of,Minor Arterial,Etobicoke York,43.65320929,-79.56346522,Mid-Block,Non Intersection,No Control,Clear,"Dark, artificial",Dry,Non-Fatal Injury,Cyclist Collisions,Passenger,35 to 39,None, , , , , , , , , , , , , ,Yes,Yes, , ,, ,Yes, , , , , ,D22,Etobicoke Centre (3),3,14,Islington-City Centre West (14),163
-79.39118586,43.71105917,80777025,7000925099,2017,2017-05-25T04:00:00.000Z,2150,21,MOUNT PLEASANT RD,BROADWAY AVE, ,Major Arterial,North York,43.71105917,-79.39118586,Intersection,At Intersection,Traffic Signal,Rain,"Dark, artificial",Wet,Non-Fatal Injury,Cyclist Collisions,Driver,15 to 19,None, ,South,"Automobile, Station Wagon",Turning Left,Failed to Yield Right of Way,Inattentive, , , , , , , ,Yes,Yes, , ,, ,Yes, ,Yes, , , ,D53,St. Paul's (22),22,99,Mount Pleasant East (99),164
-79.39118586,43.71105917,80777026,7000925099,2017,2017-05-25T04:00:00.000Z,2150,21,MOUNT PLEASANT RD,BROADWAY AVE, ,Major Arterial,North York,43.71105917,-79.39118586,Intersection,At Intersection,Traffic Signal,Rain,"Dark, artificial",Wet,Non-Fatal Injury,Cyclist Collisions,Cyclist,65 to 69,Major, ,North,Bicycle,Going Ahead, , , , , ,Motorist turned left across cyclists path.,Driving Properly,Normal, ,Yes,Yes, , ,, ,Yes, ,Yes, , , ,D53,St. Paul's (22),22,99,Mount Pleasant East (99),165
-79.39118586,43.71105917,80777027,7000925099,2017,2017-05-25T04:00:00.000Z,2150,21,MOUNT PLEASANT RD,BROADWAY AVE, ,Major Arterial,North York,43.71105917,-79.39118586,Intersection,At Intersection,Traffic Signal,Rain,"Dark, artificial",Wet,Non-Fatal Injury,Cyclist Collisions,Passenger,15 to 19,None, , , , , , , , , , , , , ,Yes,Yes, , ,, ,Yes, ,Yes, , , ,D53,St. Paul's (22),22,99,Mount Pleasant East (99),166
-79.264490290000012,43.72404538,4201972,983329,2007,2007-08-03T04:00:00.000Z,2156,21,KENNEDY RD,FOXRIDGE DR, ,Major Arterial,Scarborough,43.72404538,-79.26449029,Intersection,At Intersection,No Control,Clear,"Dusk, artificial",Dry,Non-Fatal Injury,Turning Movement,Vehicle Owner,unknown,None, , ,Other, , , , , , , , , , ,Yes,Yes, , ,, ,Yes, , , , , ,D41,Scarborough Southwest (35),35,124,Kennedy Park (124),167
-79.264490290000012,43.72404538,4201973,983329,2007,2007-08-03T04:00:00.000Z,2156,21,KENNEDY RD,FOXRIDGE DR, ,Major Arterial,Scarborough,43.72404538,-79.26449029,Intersection,At Intersection,No Control,Clear,"Dusk, artificial",Dry,Non-Fatal Injury,Turning Movement,Moped Driver,35 to 39,Major, ,South,"Automobile, Station Wagon",Going Ahead,Driving Properly,Normal, , , , , , , ,Yes,Yes, , ,, ,Yes, , , , , ,D41,Scarborough Southwest (35),35,124,Kennedy Park (124),168
-79.264490290000012,43.72404538,4201974,983329,2007,2007-08-03T04:00:00.000Z,2156,21,KENNEDY RD,FOXRIDGE DR, ,Major Arterial,Scarborough,43.72404538,-79.26449029,Intersection,At Intersection,No Control,Clear,"Dusk, artificial",Dry,Non-Fatal Injury,Turning Movement,Passenger,15 to 19,None, , ,Other, , , , , , , , , , ,Yes,Yes, , ,, ,Yes, , , , , ,D41,Scarborough Southwest (35),35,124,Kennedy Park (124),169
-79.264490290000012,43.72404538,4201975,983329,2007,2007-08-03T04:00:00.000Z,2156,21,KENNEDY RD,FOXRIDGE DR, ,Major Arterial,Scarborough,43.72404538,-79.26449029,Intersection,At Intersection,No Control,Clear,"Dusk, artificial",Dry,Non-Fatal Injury,Turning Movement,Passenger,75 to 79,None, , ,Other, , , , , , , , , , ,Yes,Yes, , ,, ,Yes, , , , , ,D41,Scarborough Southwest (35),35,124,Kennedy Park (124),170
-79.264490290000012,43.72404538,4201976,983329,2007,2007-08-03T04:00:00.000Z,2156,21,KENNEDY RD,FOXRIDGE DR, ,Major Arterial,Scarborough,43.72404538,-79.26449029,Intersection,At Intersection,No Control,Clear,"Dusk, artificial",Dry,Non-Fatal Injury,Turning Movement,Driver,20 to 24,None, ,North,"Automobile, Station Wagon",Turning Left,Improper Turn,Normal, , , , , , , ,Yes,Yes, , ,, ,Yes, , , , , ,D41,Scarborough Southwest (35),35,124,Kennedy Park (124),171
-79.37352381,43.6608692,80631117,4002525835,2014,2014-07-18T04:00:00.000Z,2240,22,GERRARD ST E,PEMBROKE ST, ,Minor Arterial,Toronto East York,43.6608692,-79.37352381,Intersection,At Intersection,No Control,Clear,Dark,Dry,Non-Fatal Injury,Cyclist Collisions,Cyclist,25 to 29,Major, ,South,Bicycle,Going Ahead, , , , , ,"Cyclist without ROW rides into path of motorist at inter, lnwy, dwy-Cyclist not turn.",Failed to Yield Right of Way,Had Been Drinking, ,Yes,Yes, , ,, ,Yes,Yes,Yes, , , ,D51,Toronto Centre-Rosedale (27),27,73,Moss Park (73),172
-79.37352381,43.6608692,80631118,4002525835,2014,2014-07-18T04:00:00.000Z,2240,22,GERRARD ST E,PEMBROKE ST, ,Minor Arterial,Toronto East York,43.6608692,-79.37352381,Intersection,At Intersection,No Control,Clear,Dark,Dry,Non-Fatal Injury,Cyclist Collisions,Driver,25 to 29,None, ,West,"Automobile, Station Wagon",Going Ahead,Driving Properly,Normal, , , , , , , ,Yes,Yes, , ,, ,Yes,Yes,Yes, , , ,D51,Toronto Centre-Rosedale (27),27,73,Moss Park (73),173
-79.37352381,43.6608692,80631119,4002525835,2014,2014-07-18T04:00:00.000Z,2240,22,GERRARD ST E,PEMBROKE ST, ,Minor Arterial,Toronto East York,43.6608692,-79.37352381,Intersection,At Intersection,No Control,Clear,Dark,Dry,Non-Fatal Injury,Cyclist Collisions,Passenger,25 to 29,None, , , , , , , , , , , , , ,Yes,Yes, , ,, ,Yes,Yes,Yes, , , ,D51,Toronto Centre-Rosedale (27),27,73,Moss Park (73),174
-79.37693415,43.646812039999986,80632014,5000859369,2015,2015-05-21T04:00:00.000Z,2255,22,YONGE ST,FRONT ST E,10 m North of,Major Arterial,Toronto East York,43.64681204,-79.37693415,Intersection,At Intersection,Traffic Signal,Clear,"Dark, artificial",Dry,Non-Fatal Injury,Cyclist Collisions,Cyclist,35 to 39,Major, ,South,Bicycle,Overtaking, , , , , ,Cyclist and Driver travelling in same direction. One vehicle sideswipes the other.,Improper Passing,Normal, ,Yes,Yes, , ,, ,Yes, , , , , ,D51,Toronto Centre-Rosedale (28),28,77,Waterfront Communities-The Island (77),175
-79.37693415,43.646812039999986,80632015,5000859369,2015,2015-05-21T04:00:00.000Z,2255,22,YONGE ST,FRONT ST E,10 m North of,Major Arterial,Toronto East York,43.64681204,-79.37693415,Intersection,At Intersection,Traffic Signal,Clear,"Dark, artificial",Dry,Non-Fatal Injury,Cyclist Collisions,Driver,60 to 64,None, ,South,Pick Up Truck,Going Ahead,Driving Properly,Normal, , , , , , , ,Yes,Yes, , ,, ,Yes, , , , , ,D51,Toronto Centre-Rosedale (28),28,77,Waterfront Communities-The Island (77),176
-79.37693415,43.646812039999986,80632016,5000859369,2015,2015-05-21T04:00:00.000Z,2255,22,YONGE ST,FRONT ST E,10 m North of,Major Arterial,Toronto East York,43.64681204,-79.37693415,Intersection,At Intersection,Traffic Signal,Clear,"Dark, artificial",Dry,Non-Fatal Injury,Cyclist Collisions,Passenger,20 to 24,None, , , , , , , , , , , , , ,Yes,Yes, , ,, ,Yes, , , , , ,D51,Toronto Centre-Rosedale (28),28,77,Waterfront Communities-The Island (77),177
-79.39853297,43.65910681,80772592,7000366630,2017,2017-02-26T05:00:00.000Z,2311,23,215 HURON ST, ,20 m South of,Local,Toronto East York,43.65910681,-79.39853297,Mid-Block,Non Intersection,No Control,Clear,"Dark, artificial",Dry,Non-Fatal Injury,Cyclist Collisions,Driver,45 to 49,None, ,North,"Automobile, Station Wagon",Going Ahead,Other,Inattentive, , , , , , , ,Yes,Yes, , ,, ,Yes, , , , , ,D52,Trinity-Spadina (20),20,79,University (79),178
-79.39853297,43.65910681,80772593,7000366630,2017,2017-02-26T05:00:00.000Z,2311,23,215 HURON ST, ,20 m South of,Local,Toronto East York,43.65910681,-79.39853297,Mid-Block,Non Intersection,No Control,Clear,"Dark, artificial",Dry,Non-Fatal Injury,Cyclist Collisions,Cyclist,25 to 29,Major, ,South,Bicycle,Going Ahead, , , , , ,Insufficient information (to determine cyclist crash type).,Other,Inattentive, ,Yes,Yes, , ,, ,Yes, , , , , ,D52,Trinity-Spadina (20),20,79,University (79),179
-79.39853297,43.65910681,80772594,7000366630,2017,2017-02-26T05:00:00.000Z,2311,23,215 HURON ST, ,20 m South of,Local,Toronto East York,43.65910681,-79.39853297,Mid-Block,Non Intersection,No Control,Clear,"Dark, artificial",Dry,Non-Fatal Injury,Cyclist Collisions,Passenger,20 to 24,None, , , , , , , , , , , , , ,Yes,Yes, , ,, ,Yes, , , , , ,D52,Trinity-Spadina (20),20,79,University (79),180
